symptom_iri	body_part_iri	method
http://purl.obolibrary.org/obo/SYMP_0000000	http://purl.obolibrary.org/obo/FMA_261479	keyword
http://purl.obolibrary.org/obo/SYMP_0000001	http://purl.obolibrary.org/obo/FMA_10000	keyword
http://purl.obolibrary.org/obo/SYMP_0000002	http://purl.obolibrary.org/obo/FMA_10000	keyword
http://purl.obolibrary.org/obo/SYMP_0000003	http://purl.obolibrary.org/obo/FMA_10000	keyword
http://purl.obolibrary.org/obo/SYMP_0000004	http://purl.obolibrary.org/obo/FMA_10000	keyword
http://purl.obolibrary.org/obo/SYMP_0000005	http://purl.obolibrary.org/obo/FMA_58937	keyword
http://purl.obolibrary.org/obo/SYMP_0000006	http://purl.obolibrary.org/obo/FMA_69696	keyword
http://purl.obolibrary.org/obo/SYMP_0000007	http://purl.obolibrary.org/obo/FMA_50556	keyword
http://purl.obolibrary.org/obo/SYMP_0000008	http://purl.obolibrary.org/obo/FMA_10000	keyword
http://purl.obolibrary.org/obo/SYMP_0000009	http://purl.obolibrary.org/obo/FMA_261553	keyword
http://purl.obolibrary.org/obo/SYMP_0000010	http://purl.obolibrary.org/obo/FMA_10000	keyword
http://purl.obolibrary.org/obo/SYMP_0000011	http://purl.obolibrary.org/obo/FMA_10000	keyword
http://purl.obolibrary.org/obo/SYMP_0000012	http://purl.obolibrary.org/obo/FMA_262938	keyword
http://purl.obolibrary.org/obo/SYMP_0000013	http://purl.obolibrary.org/obo/FMA_10000	keyword
http://purl.obolibrary.org/obo/SYMP_0000014	http://purl.obolibrary.org/obo/FMA_10000	keyword
http://purl.obolibrary.org/obo/SYMP_0000015	http://purl.obolibrary.org/obo/FMA_10000	keyword
http://purl.obolibrary.org/obo/SYMP_0000016	http://purl.obolibrary.org/obo/FMA_31378	keyword
http://purl.obolibrary.org/obo/SYMP_0000017	http://purl.obolibrary.org/obo/FMA_10000	keyword
http://purl.obolibrary.org/obo/SYMP_0000018	http://purl.obolibrary.org/obo/FMA_10000	keyword
http://purl.obolibrary.org/obo/SYMP_0000019	http://purl.obolibrary.org/obo/FMA_10000	keyword
http://purl.obolibrary.org/obo/SYMP_0000020	http://purl.obolibrary.org/obo/FMA_25173	keyword
http://purl.obolibrary.org/obo/SYMP_0000021	http://purl.obolibrary.org/obo/FMA_75957	keyword
http://purl.obolibrary.org/obo/SYMP_0000022	http://purl.obolibrary.org/obo/FMA_78350	keyword
http://purl.obolibrary.org/obo/SYMP_0000023	http://purl.obolibrary.org/obo/FMA_261479	keyword
http://purl.obolibrary.org/obo/SYMP_0000024	http://purl.obolibrary.org/obo/FMA_78349	keyword
http://purl.obolibrary.org/obo/SYMP_0000025	http://purl.obolibrary.org/obo/FMA_50141	keyword
http://purl.obolibrary.org/obo/SYMP_0000026	http://purl.obolibrary.org/obo/FMA_10000	keyword
http://purl.obolibrary.org/obo/SYMP_0000027	http://purl.obolibrary.org/obo/FMA_10000	keyword
http://purl.obolibrary.org/obo/SYMP_0000028	http://purl.obolibrary.org/obo/FMA_10000	keyword
http://purl.obolibrary.org/obo/SYMP_0000029	http://purl.obolibrary.org/obo/FMA_10000	keyword
http://purl.obolibrary.org/obo/SYMP_0000030	http://purl.obolibrary.org/obo/FMA_4606	keyword
http://purl.obolibrary.org/obo/SYMP_0000031	http://purl.obolibrary.org/obo/FMA_10000	keyword
http://purl.obolibrary.org/obo/SYMP_0000032	http://purl.obolibrary.org/obo/FMA_10000	keyword
http://purl.obolibrary.org/obo/SYMP_0000033	http://purl.obolibrary.org/obo/FMA_10000	keyword
http://purl.obolibrary.org/obo/SYMP_0000034	http://purl.obolibrary.org/obo/FMA_10000	keyword
http://purl.obolibrary.org/obo/SYMP_0000035	http://purl.obolibrary.org/obo/FMA_10000	keyword
http://purl.obolibrary.org/obo/SYMP_0000036	http://purl.obolibrary.org/obo/FMA_10000	keyword
http://purl.obolibrary.org/obo/SYMP_0000037	http://purl.obolibrary.org/obo/FMA_10000	keyword
http://purl.obolibrary.org/obo/SYMP_0000038	http://purl.obolibrary.org/obo/FMA_53321	keyword
http://purl.obolibrary.org/obo/SYMP_0000039	http://purl.obolibrary.org/obo/FMA_9122	keyword
http://purl.obolibrary.org/obo/SYMP_0000040	http://purl.obolibrary.org/obo/FMA_30463	keyword
http://purl.obolibrary.org/obo/SYMP_0000041	http://purl.obolibrary.org/obo/FMA_38010	keyword
http://purl.obolibrary.org/obo/SYMP_0000042	http://purl.obolibrary.org/obo/FMA_10000	keyword
http://purl.obolibrary.org/obo/SYMP_0000043	http://purl.obolibrary.org/obo/FMA_10000	keyword
http://purl.obolibrary.org/obo/SYMP_0000044	http://purl.obolibrary.org/obo/FMA_10000	keyword
http://purl.obolibrary.org/obo/SYMP_0000045	http://purl.obolibrary.org/obo/FMA_10000	keyword
http://purl.obolibrary.org/obo/SYMP_0000046	http://purl.obolibrary.org/obo/FMA_10000	keyword
http://purl.obolibrary.org/obo/SYMP_0000047	http://purl.obolibrary.org/obo/FMA_10000	keyword
http://purl.obolibrary.org/obo/SYMP_0000048	http://purl.obolibrary.org/obo/FMA_10000	keyword
http://purl.obolibrary.org/obo/SYMP_0000049	http://purl.obolibrary.org/obo/FMA_10000	keyword
http://purl.obolibrary.org/obo/SYMP_0000050	http://purl.obolibrary.org/obo/FMA_10000	keyword
http://purl.obolibrary.org/obo/SYMP_0000051	http://purl.obolibrary.org/obo/FMA_10000	keyword
http://purl.obolibrary.org/obo/SYMP_0000052	http://purl.obolibrary.org/obo/FMA_10000	keyword
http://purl.obolibrary.org/obo/SYMP_0000053	http://purl.obolibrary.org/obo/FMA_10000	keyword
http://purl.obolibrary.org/obo/SYMP_0000054	http://purl.obolibrary.org/obo/FMA_10000	keyword
http://purl.obolibrary.org/obo/SYMP_0000055	http://purl.obolibrary.org/obo/FMA_10000	keyword
http://purl.obolibrary.org/obo/SYMP_0000056	http://purl.obolibrary.org/obo/FMA_87535	keyword
http://purl.obolibrary.org/obo/SYMP_0000057	http://purl.obolibrary.org/obo/FMA_10000	keyword
http://purl.obolibrary.org/obo/SYMP_0000058	http://purl.obolibrary.org/obo/FMA_10000	keyword
http://purl.obolibrary.org/obo/SYMP_0000059	http://purl.obolibrary.org/obo/FMA_10000	keyword
http://purl.obolibrary.org/obo/SYMP_0000060	http://purl.obolibrary.org/obo/FMA_10000	keyword
http://purl.obolibrary.org/obo/SYMP_0000061	http://purl.obolibrary.org/obo/FMA_42234	keyword
http://purl.obolibrary.org/obo/SYMP_0000062	http://purl.obolibrary.org/obo/FMA_10000	keyword
http://purl.obolibrary.org/obo/SYMP_0000063	http://purl.obolibrary.org/obo/FMA_10000	keyword
http://purl.obolibrary.org/obo/SYMP_0000064	http://purl.obolibrary.org/obo/FMA_39454	keyword
http://purl.obolibrary.org/obo/SYMP_0000065	http://purl.obolibrary.org/obo/FMA_10000	keyword
http://purl.obolibrary.org/obo/SYMP_0000066	http://purl.obolibrary.org/obo/FMA_10000	keyword
http://purl.obolibrary.org/obo/SYMP_0000067	http://purl.obolibrary.org/obo/FMA_10000	keyword
http://purl.obolibrary.org/obo/SYMP_0000068	http://purl.obolibrary.org/obo/FMA_10000	keyword
http://purl.obolibrary.org/obo/SYMP_0000069	http://purl.obolibrary.org/obo/FMA_10000	keyword
http://purl.obolibrary.org/obo/SYMP_0000070	http://purl.obolibrary.org/obo/FMA_10000	keyword
http://purl.obolibrary.org/obo/SYMP_0000071	http://purl.obolibrary.org/obo/FMA_10000	keyword
http://purl.obolibrary.org/obo/SYMP_0000072	http://purl.obolibrary.org/obo/FMA_10000	keyword
http://purl.obolibrary.org/obo/SYMP_0000073	http://purl.obolibrary.org/obo/FMA_10000	keyword
http://purl.obolibrary.org/obo/SYMP_0000074	http://purl.obolibrary.org/obo/FMA_10000	keyword
http://purl.obolibrary.org/obo/SYMP_0000075	http://purl.obolibrary.org/obo/FMA_71641	keyword
http://purl.obolibrary.org/obo/SYMP_0000076	http://purl.obolibrary.org/obo/FMA_10000	keyword
http://purl.obolibrary.org/obo/SYMP_0000077	http://purl.obolibrary.org/obo/FMA_10000	keyword
http://purl.obolibrary.org/obo/SYMP_0000078	http://purl.obolibrary.org/obo/FMA_10000	keyword
http://purl.obolibrary.org/obo/SYMP_0000079	http://purl.obolibrary.org/obo/FMA_80920	keyword
http://purl.obolibrary.org/obo/SYMP_0000080	http://purl.obolibrary.org/obo/FMA_10000	keyword
http://purl.obolibrary.org/obo/SYMP_0000081	http://purl.obolibrary.org/obo/FMA_10000	keyword
http://purl.obolibrary.org/obo/SYMP_0000082	http://purl.obolibrary.org/obo/FMA_10000	keyword
http://purl.obolibrary.org/obo/SYMP_0000083	http://purl.obolibrary.org/obo/FMA_10000	keyword
http://purl.obolibrary.org/obo/SYMP_0000084	http://purl.obolibrary.org/obo/FMA_10000	keyword
http://purl.obolibrary.org/obo/SYMP_0000085	http://purl.obolibrary.org/obo/FMA_10000	keyword
http://purl.obolibrary.org/obo/SYMP_0000086	http://purl.obolibrary.org/obo/FMA_10000	keyword
http://purl.obolibrary.org/obo/SYMP_0000087	http://purl.obolibrary.org/obo/FMA_10000	keyword
http://purl.obolibrary.org/obo/SYMP_0000088	http://purl.obolibrary.org/obo/FMA_10000	keyword
http://purl.obolibrary.org/obo/SYMP_0000089	http://purl.obolibrary.org/obo/FMA_64616	keyword
http://purl.obolibrary.org/obo/SYMP_0000090	http://purl.obolibrary.org/obo/FMA_20671	keyword
http://purl.obolibrary.org/obo/SYMP_0000091	http://purl.obolibrary.org/obo/FMA_72489	keyword
http://purl.obolibrary.org/obo/SYMP_0000092	http://purl.obolibrary.org/obo/FMA_261403	keyword
http://purl.obolibrary.org/obo/SYMP_0000093	http://purl.obolibrary.org/obo/FMA_10000	keyword
http://purl.obolibrary.org/obo/SYMP_0000094	http://purl.obolibrary.org/obo/FMA_10000	keyword
http://purl.obolibrary.org/obo/SYMP_0000095	http://purl.obolibrary.org/obo/FMA_10000	keyword
http://purl.obolibrary.org/obo/SYMP_0000096	http://purl.obolibrary.org/obo/FMA_10000	keyword
http://purl.obolibrary.org/obo/SYMP_0000097	http://purl.obolibrary.org/obo/FMA_10000	keyword
http://purl.obolibrary.org/obo/SYMP_0000098	http://purl.obolibrary.org/obo/FMA_65794	keyword
http://purl.obolibrary.org/obo/SYMP_0000099	http://purl.obolibrary.org/obo/FMA_78349	keyword
http://purl.obolibrary.org/obo/SYMP_0000100	http://purl.obolibrary.org/obo/FMA_10000	keyword
http://purl.obolibrary.org/obo/SYMP_0000101	http://purl.obolibrary.org/obo/FMA_10000	keyword
http://purl.obolibrary.org/obo/SYMP_0000102	http://purl.obolibrary.org/obo/FMA_263482	keyword
http://purl.obolibrary.org/obo/SYMP_0000103	http://purl.obolibrary.org/obo/FMA_10000	keyword
http://purl.obolibrary.org/obo/SYMP_0000104	http://purl.obolibrary.org/obo/FMA_10000	keyword
http://purl.obolibrary.org/obo/SYMP_0000105	http://purl.obolibrary.org/obo/FMA_10000	keyword
http://purl.obolibrary.org/obo/SYMP_0000106	http://purl.obolibrary.org/obo/FMA_10000	keyword
http://purl.obolibrary.org/obo/SYMP_0000107	http://purl.obolibrary.org/obo/FMA_50148	keyword
http://purl.obolibrary.org/obo/SYMP_0000108	http://purl.obolibrary.org/obo/FMA_10000	keyword
http://purl.obolibrary.org/obo/SYMP_0000109	http://purl.obolibrary.org/obo/FMA_10000	keyword
http://purl.obolibrary.org/obo/SYMP_0000110	http://purl.obolibrary.org/obo/FMA_10000	keyword
http://purl.obolibrary.org/obo/SYMP_0000111	http://purl.obolibrary.org/obo/FMA_10000	keyword
http://purl.obolibrary.org/obo/SYMP_0000112	http://purl.obolibrary.org/obo/FMA_10000	keyword
http://purl.obolibrary.org/obo/SYMP_0000113	http://purl.obolibrary.org/obo/FMA_10000	keyword
http://purl.obolibrary.org/obo/SYMP_0000114	http://purl.obolibrary.org/obo/FMA_10000	keyword
http://purl.obolibrary.org/obo/SYMP_0000115	http://purl.obolibrary.org/obo/FMA_10000	keyword
http://purl.obolibrary.org/obo/SYMP_0000116	http://purl.obolibrary.org/obo/FMA_68939	keyword
http://purl.obolibrary.org/obo/SYMP_0000117	http://purl.obolibrary.org/obo/FMA_10000	keyword
http://purl.obolibrary.org/obo/SYMP_0000118	http://purl.obolibrary.org/obo/FMA_80008	keyword
http://purl.obolibrary.org/obo/SYMP_0000119	http://purl.obolibrary.org/obo/FMA_10000	keyword
http://purl.obolibrary.org/obo/SYMP_0000120	http://purl.obolibrary.org/obo/FMA_10000	keyword
http://purl.obolibrary.org/obo/SYMP_0000121	http://purl.obolibrary.org/obo/FMA_10000	keyword
http://purl.obolibrary.org/obo/SYMP_0000122	http://purl.obolibrary.org/obo/FMA_10000	keyword
http://purl.obolibrary.org/obo/SYMP_0000123	http://purl.obolibrary.org/obo/FMA_10000	keyword
http://purl.obolibrary.org/obo/SYMP_0000124	http://purl.obolibrary.org/obo/FMA_10000	keyword
http://purl.obolibrary.org/obo/SYMP_0000125	http://purl.obolibrary.org/obo/FMA_10000	keyword
http://purl.obolibrary.org/obo/SYMP_0000126	http://purl.obolibrary.org/obo/FMA_10000	keyword
http://purl.obolibrary.org/obo/SYMP_0000127	http://purl.obolibrary.org/obo/FMA_10000	keyword
http://purl.obolibrary.org/obo/SYMP_0000128	http://purl.obolibrary.org/obo/FMA_10000	keyword
http://purl.obolibrary.org/obo/SYMP_0000129	http://purl.obolibrary.org/obo/FMA_10000	keyword
http://purl.obolibrary.org/obo/SYMP_0000130	http://purl.obolibrary.org/obo/FMA_10000	keyword
http://purl.obolibrary.org/obo/SYMP_0000131	http://purl.obolibrary.org/obo/FMA_50146	keyword
http://purl.obolibrary.org/obo/SYMP_0000132	http://purl.obolibrary.org/obo/FMA_83427	keyword
http://purl.obolibrary.org/obo/SYMP_0000133	http://purl.obolibrary.org/obo/FMA_10000	keyword
http://purl.obolibrary.org/obo/SYMP_0000134	http://purl.obolibrary.org/obo/FMA_10000	keyword
http://purl.obolibrary.org/obo/SYMP_0000135	http://purl.obolibrary.org/obo/FMA_10000	keyword
http://purl.obolibrary.org/obo/SYMP_0000136	http://purl.obolibrary.org/obo/FMA_80609	keyword
http://purl.obolibrary.org/obo/SYMP_0000137	http://purl.obolibrary.org/obo/FMA_10000	keyword
http://purl.obolibrary.org/obo/SYMP_0000138	http://purl.obolibrary.org/obo/FMA_10000	keyword
http://purl.obolibrary.org/obo/SYMP_0000139	http://purl.obolibrary.org/obo/FMA_78350	keyword
http://purl.obolibrary.org/obo/SYMP_0000140	http://purl.obolibrary.org/obo/FMA_10000	keyword
http://purl.obolibrary.org/obo/SYMP_0000141	http://purl.obolibrary.org/obo/FMA_20671	keyword
http://purl.obolibrary.org/obo/SYMP_0000142	http://purl.obolibrary.org/obo/FMA_10000	keyword
http://purl.obolibrary.org/obo/SYMP_0000143	http://purl.obolibrary.org/obo/FMA_10000	keyword
http://purl.obolibrary.org/obo/SYMP_0000144	http://purl.obolibrary.org/obo/FMA_8901	keyword
http://purl.obolibrary.org/obo/SYMP_0000145	http://purl.obolibrary.org/obo/FMA_10000	keyword
http://purl.obolibrary.org/obo/SYMP_0000146	http://purl.obolibrary.org/obo/FMA_10000	keyword
http://purl.obolibrary.org/obo/SYMP_0000147	http://purl.obolibrary.org/obo/FMA_10000	keyword
http://purl.obolibrary.org/obo/SYMP_0000148	http://purl.obolibrary.org/obo/FMA_10000	keyword
http://purl.obolibrary.org/obo/SYMP_0000149	http://purl.obolibrary.org/obo/FMA_10000	keyword
http://purl.obolibrary.org/obo/SYMP_0000150	http://purl.obolibrary.org/obo/FMA_10000	keyword
http://purl.obolibrary.org/obo/SYMP_0000151	http://purl.obolibrary.org/obo/FMA_10000	keyword
http://purl.obolibrary.org/obo/SYMP_0000152	http://purl.obolibrary.org/obo/FMA_10000	keyword
http://purl.obolibrary.org/obo/SYMP_0000153	http://purl.obolibrary.org/obo/FMA_10000	keyword
http://purl.obolibrary.org/obo/SYMP_0000154	http://purl.obolibrary.org/obo/FMA_10000	keyword
http://purl.obolibrary.org/obo/SYMP_0000155	http://purl.obolibrary.org/obo/FMA_10000	keyword
http://purl.obolibrary.org/obo/SYMP_0000156	http://purl.obolibrary.org/obo/FMA_71482	keyword
http://purl.obolibrary.org/obo/SYMP_0000157	http://purl.obolibrary.org/obo/FMA_10000	keyword
http://purl.obolibrary.org/obo/SYMP_0000158	http://purl.obolibrary.org/obo/FMA_10000	keyword
http://purl.obolibrary.org/obo/SYMP_0000159	http://purl.obolibrary.org/obo/FMA_10000	keyword
http://purl.obolibrary.org/obo/SYMP_0000160	http://purl.obolibrary.org/obo/FMA_10000	keyword
http://purl.obolibrary.org/obo/SYMP_0000161	http://purl.obolibrary.org/obo/FMA_10000	keyword
http://purl.obolibrary.org/obo/SYMP_0000162	http://purl.obolibrary.org/obo/FMA_71482	keyword
http://purl.obolibrary.org/obo/SYMP_0000163	http://purl.obolibrary.org/obo/FMA_10000	keyword
http://purl.obolibrary.org/obo/SYMP_0000164	http://purl.obolibrary.org/obo/FMA_69125	keyword
http://purl.obolibrary.org/obo/SYMP_0000165	http://purl.obolibrary.org/obo/FMA_10000	keyword
http://purl.obolibrary.org/obo/SYMP_0000166	http://purl.obolibrary.org/obo/FMA_10000	keyword
http://purl.obolibrary.org/obo/SYMP_0000167	http://purl.obolibrary.org/obo/FMA_10000	keyword
http://purl.obolibrary.org/obo/SYMP_0000168	http://purl.obolibrary.org/obo/FMA_10000	keyword
http://purl.obolibrary.org/obo/SYMP_0000169	http://purl.obolibrary.org/obo/FMA_10000	keyword
http://purl.obolibrary.org/obo/SYMP_0000170	http://purl.obolibrary.org/obo/FMA_10000	keyword
http://purl.obolibrary.org/obo/SYMP_0000171	http://purl.obolibrary.org/obo/FMA_10000	keyword
http://purl.obolibrary.org/obo/SYMP_0000172	http://purl.obolibrary.org/obo/FMA_10000	keyword
http://purl.obolibrary.org/obo/SYMP_0000173	http://purl.obolibrary.org/obo/FMA_10000	keyword
http://purl.obolibrary.org/obo/SYMP_0000174	http://purl.obolibrary.org/obo/FMA_261481	keyword
http://purl.obolibrary.org/obo/SYMP_0000175	http://purl.obolibrary.org/obo/FMA_10000	keyword
http://purl.obolibrary.org/obo/SYMP_0000176	http://purl.obolibrary.org/obo/FMA_10000	keyword
http://purl.obolibrary.org/obo/SYMP_0000177	http://purl.obolibrary.org/obo/FMA_10000	keyword
http://purl.obolibrary.org/obo/SYMP_0000178	http://purl.obolibrary.org/obo/FMA_20663	keyword
http://purl.obolibrary.org/obo/SYMP_0000179	http://purl.obolibrary.org/obo/FMA_10000	keyword
http://purl.obolibrary.org/obo/SYMP_0000180	http://purl.obolibrary.org/obo/FMA_10000	keyword
http://purl.obolibrary.org/obo/SYMP_0000181	http://purl.obolibrary.org/obo/FMA_10000	keyword
http://purl.obolibrary.org/obo/SYMP_0000182	http://purl.obolibrary.org/obo/FMA_10000	keyword
http://purl.obolibrary.org/obo/SYMP_0000183	http://purl.obolibrary.org/obo/FMA_10000	keyword
http://purl.obolibrary.org/obo/SYMP_0000184	http://purl.obolibrary.org/obo/FMA_10000	keyword
http://purl.obolibrary.org/obo/SYMP_0000185	http://purl.obolibrary.org/obo/FMA_262787	keyword
http://purl.obolibrary.org/obo/SYMP_0000186	http://purl.obolibrary.org/obo/FMA_20671	keyword
http://purl.obolibrary.org/obo/SYMP_0000187	http://purl.obolibrary.org/obo/FMA_77319	keyword
http://purl.obolibrary.org/obo/SYMP_0000188	http://purl.obolibrary.org/obo/FMA_10000	keyword
http://purl.obolibrary.org/obo/SYMP_0000189	http://purl.obolibrary.org/obo/FMA_10000	keyword
http://purl.obolibrary.org/obo/SYMP_0000190	http://purl.obolibrary.org/obo/FMA_10000	keyword
http://purl.obolibrary.org/obo/SYMP_0000191	http://purl.obolibrary.org/obo/FMA_10000	keyword
http://purl.obolibrary.org/obo/SYMP_0000192	http://purl.obolibrary.org/obo/FMA_10000	keyword
http://purl.obolibrary.org/obo/SYMP_0000193	http://purl.obolibrary.org/obo/FMA_10000	keyword
http://purl.obolibrary.org/obo/SYMP_0000194	http://purl.obolibrary.org/obo/FMA_10000	keyword
http://purl.obolibrary.org/obo/SYMP_0000195	http://purl.obolibrary.org/obo/FMA_10000	keyword
http://purl.obolibrary.org/obo/SYMP_0000196	http://purl.obolibrary.org/obo/FMA_10000	keyword
http://purl.obolibrary.org/obo/SYMP_0000197	http://purl.obolibrary.org/obo/FMA_261381	keyword
http://purl.obolibrary.org/obo/SYMP_0000198	http://purl.obolibrary.org/obo/FMA_261553	keyword
http://purl.obolibrary.org/obo/SYMP_0000199	http://purl.obolibrary.org/obo/FMA_49866	keyword
http://purl.obolibrary.org/obo/SYMP_0000200	http://purl.obolibrary.org/obo/FMA_10000	keyword
http://purl.obolibrary.org/obo/SYMP_0000201	http://purl.obolibrary.org/obo/FMA_16779	keyword
http://purl.obolibrary.org/obo/SYMP_0000202	http://purl.obolibrary.org/obo/FMA_10000	keyword
http://purl.obolibrary.org/obo/SYMP_0000203	http://purl.obolibrary.org/obo/FMA_10000	keyword
http://purl.obolibrary.org/obo/SYMP_0000204	http://purl.obolibrary.org/obo/FMA_10000	keyword
http://purl.obolibrary.org/obo/SYMP_0000205	http://purl.obolibrary.org/obo/FMA_10000	keyword
http://purl.obolibrary.org/obo/SYMP_0000206	http://purl.obolibrary.org/obo/FMA_10000	keyword
http://purl.obolibrary.org/obo/SYMP_0000207	http://purl.obolibrary.org/obo/FMA_8074	keyword
http://purl.obolibrary.org/obo/SYMP_0000208	http://purl.obolibrary.org/obo/FMA_10000	keyword
http://purl.obolibrary.org/obo/SYMP_0000209	http://purl.obolibrary.org/obo/FMA_10000	keyword
http://purl.obolibrary.org/obo/SYMP_0000210	http://purl.obolibrary.org/obo/FMA_10000	keyword
http://purl.obolibrary.org/obo/SYMP_0000211	http://purl.obolibrary.org/obo/FMA_10000	keyword
http://purl.obolibrary.org/obo/SYMP_0000212	http://purl.obolibrary.org/obo/FMA_10000	keyword
http://purl.obolibrary.org/obo/SYMP_0000213	http://purl.obolibrary.org/obo/FMA_31360	keyword
http://purl.obolibrary.org/obo/SYMP_0000214	http://purl.obolibrary.org/obo/FMA_55211	keyword
http://purl.obolibrary.org/obo/SYMP_0000215	http://purl.obolibrary.org/obo/FMA_69656	keyword
http://purl.obolibrary.org/obo/SYMP_0000216	http://purl.obolibrary.org/obo/FMA_44002	keyword
http://purl.obolibrary.org/obo/SYMP_0000217	http://purl.obolibrary.org/obo/FMA_69597	keyword
http://purl.obolibrary.org/obo/SYMP_0000218	http://purl.obolibrary.org/obo/FMA_71459	keyword
http://purl.obolibrary.org/obo/SYMP_0000219	http://purl.obolibrary.org/obo/FMA_6861	keyword
http://purl.obolibrary.org/obo/SYMP_0000220	http://purl.obolibrary.org/obo/FMA_10000	keyword
http://purl.obolibrary.org/obo/SYMP_0000221	http://purl.obolibrary.org/obo/FMA_10000	keyword
http://purl.obolibrary.org/obo/SYMP_0000222	http://purl.obolibrary.org/obo/FMA_10000	keyword
http://purl.obolibrary.org/obo/SYMP_0000223	http://purl.obolibrary.org/obo/FMA_10000	keyword
http://purl.obolibrary.org/obo/SYMP_0000224	http://purl.obolibrary.org/obo/FMA_10000	keyword
http://purl.obolibrary.org/obo/SYMP_0000225	http://purl.obolibrary.org/obo/FMA_10000	keyword
http://purl.obolibrary.org/obo/SYMP_0000226	http://purl.obolibrary.org/obo/FMA_80609	keyword
http://purl.obolibrary.org/obo/SYMP_0000227	http://purl.obolibrary.org/obo/FMA_10000	keyword
http://purl.obolibrary.org/obo/SYMP_0000228	http://purl.obolibrary.org/obo/FMA_10000	keyword
http://purl.obolibrary.org/obo/SYMP_0000229	http://purl.obolibrary.org/obo/FMA_10000	keyword
http://purl.obolibrary.org/obo/SYMP_0000230	http://purl.obolibrary.org/obo/FMA_10000	keyword
http://purl.obolibrary.org/obo/SYMP_0000231	http://purl.obolibrary.org/obo/FMA_51493	keyword
http://purl.obolibrary.org/obo/SYMP_0000232	http://purl.obolibrary.org/obo/FMA_71464	keyword
http://purl.obolibrary.org/obo/SYMP_0000233	http://purl.obolibrary.org/obo/FMA_10000	keyword
http://purl.obolibrary.org/obo/SYMP_0000234	http://purl.obolibrary.org/obo/FMA_10000	keyword
http://purl.obolibrary.org/obo/SYMP_0000235	http://purl.obolibrary.org/obo/FMA_80008	keyword
http://purl.obolibrary.org/obo/SYMP_0000236	http://purl.obolibrary.org/obo/FMA_20672	keyword
http://purl.obolibrary.org/obo/SYMP_0000237	http://purl.obolibrary.org/obo/FMA_53678	keyword
http://purl.obolibrary.org/obo/SYMP_0000238	http://purl.obolibrary.org/obo/FMA_10000	keyword
http://purl.obolibrary.org/obo/SYMP_0000239	http://purl.obolibrary.org/obo/FMA_10000	keyword
http://purl.obolibrary.org/obo/SYMP_0000240	http://purl.obolibrary.org/obo/FMA_10000	keyword
http://purl.obolibrary.org/obo/SYMP_0000241	http://purl.obolibrary.org/obo/FMA_10000	keyword
http://purl.obolibrary.org/obo/SYMP_0000242	http://purl.obolibrary.org/obo/FMA_77368	keyword
http://purl.obolibrary.org/obo/SYMP_0000243	http://purl.obolibrary.org/obo/FMA_78199	keyword
http://purl.obolibrary.org/obo/SYMP_0000244	http://purl.obolibrary.org/obo/FMA_10000	keyword
http://purl.obolibrary.org/obo/SYMP_0000245	http://purl.obolibrary.org/obo/FMA_69669	keyword
http://purl.obolibrary.org/obo/SYMP_0000246	http://purl.obolibrary.org/obo/FMA_78662	keyword
http://purl.obolibrary.org/obo/SYMP_0000247	http://purl.obolibrary.org/obo/FMA_42235	keyword
http://purl.obolibrary.org/obo/SYMP_0000248	http://purl.obolibrary.org/obo/FMA_55445	keyword
http://purl.obolibrary.org/obo/SYMP_0000249	http://purl.obolibrary.org/obo/FMA_10000	keyword
http://purl.obolibrary.org/obo/SYMP_0000250	http://purl.obolibrary.org/obo/FMA_10000	keyword
http://purl.obolibrary.org/obo/SYMP_0000251	http://purl.obolibrary.org/obo/FMA_261475	keyword
http://purl.obolibrary.org/obo/SYMP_0000252	http://purl.obolibrary.org/obo/FMA_8368	keyword
http://purl.obolibrary.org/obo/SYMP_0000253	http://purl.obolibrary.org/obo/FMA_10000	keyword
http://purl.obolibrary.org/obo/SYMP_0000254	http://purl.obolibrary.org/obo/FMA_10000	keyword
http://purl.obolibrary.org/obo/SYMP_0000255	http://purl.obolibrary.org/obo/FMA_10000	keyword
http://purl.obolibrary.org/obo/SYMP_0000256	http://purl.obolibrary.org/obo/FMA_10000	keyword
http://purl.obolibrary.org/obo/SYMP_0000257	http://purl.obolibrary.org/obo/FMA_10000	keyword
http://purl.obolibrary.org/obo/SYMP_0000258	http://purl.obolibrary.org/obo/FMA_10000	keyword
http://purl.obolibrary.org/obo/SYMP_0000259	http://purl.obolibrary.org/obo/FMA_50156	keyword
http://purl.obolibrary.org/obo/SYMP_0000260	http://purl.obolibrary.org/obo/FMA_10000	keyword
http://purl.obolibrary.org/obo/SYMP_0000261	http://purl.obolibrary.org/obo/FMA_10000	keyword
http://purl.obolibrary.org/obo/SYMP_0000262	http://purl.obolibrary.org/obo/FMA_10000	keyword
http://purl.obolibrary.org/obo/SYMP_0000263	http://purl.obolibrary.org/obo/FMA_19160	keyword
http://purl.obolibrary.org/obo/SYMP_0000264	http://purl.obolibrary.org/obo/FMA_261493	keyword
http://purl.obolibrary.org/obo/SYMP_0000265	http://purl.obolibrary.org/obo/FMA_10000	keyword
http://purl.obolibrary.org/obo/SYMP_0000266	http://purl.obolibrary.org/obo/FMA_10000	keyword
http://purl.obolibrary.org/obo/SYMP_0000267	http://purl.obolibrary.org/obo/FMA_10000	keyword
http://purl.obolibrary.org/obo/SYMP_0000268	http://purl.obolibrary.org/obo/FMA_10000	keyword
http://purl.obolibrary.org/obo/SYMP_0000269	http://purl.obolibrary.org/obo/FMA_10000	keyword
http://purl.obolibrary.org/obo/SYMP_0000270	http://purl.obolibrary.org/obo/FMA_10000	keyword
http://purl.obolibrary.org/obo/SYMP_0000271	http://purl.obolibrary.org/obo/FMA_10000	keyword
http://purl.obolibrary.org/obo/SYMP_0000272	http://purl.obolibrary.org/obo/FMA_10000	keyword
http://purl.obolibrary.org/obo/SYMP_0000273	http://purl.obolibrary.org/obo/FMA_10000	keyword
http://purl.obolibrary.org/obo/SYMP_0000274	http://purl.obolibrary.org/obo/FMA_10000	keyword
http://purl.obolibrary.org/obo/SYMP_0000275	http://purl.obolibrary.org/obo/FMA_10000	keyword
http://purl.obolibrary.org/obo/SYMP_0000276	http://purl.obolibrary.org/obo/FMA_10000	keyword
http://purl.obolibrary.org/obo/SYMP_0000277	http://purl.obolibrary.org/obo/FMA_10000	keyword
http://purl.obolibrary.org/obo/SYMP_0000278	http://purl.obolibrary.org/obo/FMA_10000	keyword
http://purl.obolibrary.org/obo/SYMP_0000279	http://purl.obolibrary.org/obo/FMA_71667	keyword
http://purl.obolibrary.org/obo/SYMP_0000280	http://purl.obolibrary.org/obo/FMA_262876	keyword
http://purl.obolibrary.org/obo/SYMP_0000281	http://purl.obolibrary.org/obo/FMA_10000	keyword
http://purl.obolibrary.org/obo/SYMP_0000282	http://purl.obolibrary.org/obo/FMA_10000	keyword
http://purl.obolibrary.org/obo/SYMP_0000283	http://purl.obolibrary.org/obo/FMA_10000	keyword
http://purl.obolibrary.org/obo/SYMP_0000284	http://purl.obolibrary.org/obo/FMA_10000	keyword
http://purl.obolibrary.org/obo/SYMP_0000285	http://purl.obolibrary.org/obo/FMA_77319	keyword
http://purl.obolibrary.org/obo/SYMP_0000286	http://purl.obolibrary.org/obo/FMA_10000	keyword
http://purl.obolibrary.org/obo/SYMP_0000287	http://purl.obolibrary.org/obo/FMA_64701	keyword
http://purl.obolibrary.org/obo/SYMP_0000288	http://purl.obolibrary.org/obo/FMA_10000	keyword
http://purl.obolibrary.org/obo/SYMP_0000289	http://purl.obolibrary.org/obo/FMA_262938	keyword
http://purl.obolibrary.org/obo/SYMP_0000290	http://purl.obolibrary.org/obo/FMA_261531	keyword
http://purl.obolibrary.org/obo/SYMP_0000291	http://purl.obolibrary.org/obo/FMA_10000	keyword
http://purl.obolibrary.org/obo/SYMP_0000292	http://purl.obolibrary.org/obo/FMA_10000	keyword
http://purl.obolibrary.org/obo/SYMP_0000293	http://purl.obolibrary.org/obo/FMA_82065	keyword
http://purl.obolibrary.org/obo/SYMP_0000294	http://purl.obolibrary.org/obo/FMA_10000	keyword
http://purl.obolibrary.org/obo/SYMP_0000295	http://purl.obolibrary.org/obo/FMA_20672	keyword
http://purl.obolibrary.org/obo/SYMP_0000296	http://purl.obolibrary.org/obo/FMA_10000	keyword
http://purl.obolibrary.org/obo/SYMP_0000297	http://purl.obolibrary.org/obo/FMA_10000	keyword
http://purl.obolibrary.org/obo/SYMP_0000298	http://purl.obolibrary.org/obo/FMA_10000	keyword
http://purl.obolibrary.org/obo/SYMP_0000299	http://purl.obolibrary.org/obo/FMA_263192	keyword
http://purl.obolibrary.org/obo/SYMP_0000300	http://purl.obolibrary.org/obo/FMA_71692	keyword
http://purl.obolibrary.org/obo/SYMP_0000301	http://purl.obolibrary.org/obo/FMA_10000	keyword
http://purl.obolibrary.org/obo/SYMP_0000302	http://purl.obolibrary.org/obo/FMA_20671	keyword
http://purl.obolibrary.org/obo/SYMP_0000303	http://purl.obolibrary.org/obo/FMA_10000	keyword
http://purl.obolibrary.org/obo/SYMP_0000304	http://purl.obolibrary.org/obo/FMA_84507	keyword
http://purl.obolibrary.org/obo/SYMP_0000305	http://purl.obolibrary.org/obo/FMA_10000	keyword
http://purl.obolibrary.org/obo/SYMP_0000306	http://purl.obolibrary.org/obo/FMA_262767	keyword
http://purl.obolibrary.org/obo/SYMP_0000307	http://purl.obolibrary.org/obo/FMA_10000	keyword
http://purl.obolibrary.org/obo/SYMP_0000308	http://purl.obolibrary.org/obo/FMA_10000	keyword
http://purl.obolibrary.org/obo/SYMP_0000309	http://purl.obolibrary.org/obo/FMA_75880	keyword
http://purl.obolibrary.org/obo/SYMP_0000310	http://purl.obolibrary.org/obo/FMA_10000	keyword
http://purl.obolibrary.org/obo/SYMP_0000311	http://purl.obolibrary.org/obo/FMA_10000	keyword
http://purl.obolibrary.org/obo/SYMP_0000312	http://purl.obolibrary.org/obo/FMA_10000	keyword
http://purl.obolibrary.org/obo/SYMP_0000313	http://purl.obolibrary.org/obo/FMA_10000	keyword
http://purl.obolibrary.org/obo/SYMP_0000314	http://purl.obolibrary.org/obo/FMA_10000	keyword
http://purl.obolibrary.org/obo/SYMP_0000315	http://purl.obolibrary.org/obo/FMA_10000	keyword
http://purl.obolibrary.org/obo/SYMP_0000316	http://purl.obolibrary.org/obo/FMA_10000	keyword
http://purl.obolibrary.org/obo/SYMP_0000317	http://purl.obolibrary.org/obo/FMA_10000	keyword
http://purl.obolibrary.org/obo/SYMP_0000318	http://purl.obolibrary.org/obo/FMA_20671	keyword
http://purl.obolibrary.org/obo/SYMP_0000319	http://purl.obolibrary.org/obo/FMA_10000	keyword
http://purl.obolibrary.org/obo/SYMP_0000320	http://purl.obolibrary.org/obo/FMA_10000	keyword
http://purl.obolibrary.org/obo/SYMP_0000321	http://purl.obolibrary.org/obo/FMA_10000	keyword
http://purl.obolibrary.org/obo/SYMP_0000322	http://purl.obolibrary.org/obo/FMA_20662	keyword
http://purl.obolibrary.org/obo/SYMP_0000323	http://purl.obolibrary.org/obo/FMA_20671	keyword
http://purl.obolibrary.org/obo/SYMP_0000324	http://purl.obolibrary.org/obo/FMA_71462	keyword
http://purl.obolibrary.org/obo/SYMP_0000325	http://purl.obolibrary.org/obo/FMA_10000	keyword
http://purl.obolibrary.org/obo/SYMP_0000326	http://purl.obolibrary.org/obo/FMA_10000	keyword
http://purl.obolibrary.org/obo/SYMP_0000327	http://purl.obolibrary.org/obo/FMA_261493	keyword
http://purl.obolibrary.org/obo/SYMP_0000328	http://purl.obolibrary.org/obo/FMA_11398	keyword
http://purl.obolibrary.org/obo/SYMP_0000329	http://purl.obolibrary.org/obo/FMA_10000	keyword
http://purl.obolibrary.org/obo/SYMP_0000330	http://purl.obolibrary.org/obo/FMA_10000	keyword
http://purl.obolibrary.org/obo/SYMP_0000331	http://purl.obolibrary.org/obo/FMA_71455	keyword
http://purl.obolibrary.org/obo/SYMP_0000332	http://purl.obolibrary.org/obo/FMA_10000	keyword
http://purl.obolibrary.org/obo/SYMP_0000333	http://purl.obolibrary.org/obo/FMA_10000	keyword
http://purl.obolibrary.org/obo/SYMP_0000334	http://purl.obolibrary.org/obo/FMA_10000	keyword
http://purl.obolibrary.org/obo/SYMP_0000335	http://purl.obolibrary.org/obo/FMA_10000	keyword
http://purl.obolibrary.org/obo/SYMP_0000336	http://purl.obolibrary.org/obo/FMA_10000	keyword
http://purl.obolibrary.org/obo/SYMP_0000337	http://purl.obolibrary.org/obo/FMA_10000	keyword
http://purl.obolibrary.org/obo/SYMP_0000338	http://purl.obolibrary.org/obo/FMA_10000	keyword
http://purl.obolibrary.org/obo/SYMP_0000339	http://purl.obolibrary.org/obo/FMA_10000	keyword
http://purl.obolibrary.org/obo/SYMP_0000340	http://purl.obolibrary.org/obo/FMA_260331	keyword
http://purl.obolibrary.org/obo/SYMP_0000341	http://purl.obolibrary.org/obo/FMA_10000	keyword
http://purl.obolibrary.org/obo/SYMP_0000342	http://purl.obolibrary.org/obo/FMA_10000	keyword
http://purl.obolibrary.org/obo/SYMP_0000343	http://purl.obolibrary.org/obo/FMA_261479	keyword
http://purl.obolibrary.org/obo/SYMP_0000344	http://purl.obolibrary.org/obo/FMA_263762	keyword
http://purl.obolibrary.org/obo/SYMP_0000345	http://purl.obolibrary.org/obo/FMA_30389	keyword
http://purl.obolibrary.org/obo/SYMP_0000346	http://purl.obolibrary.org/obo/FMA_261475	keyword
http://purl.obolibrary.org/obo/SYMP_0000347	http://purl.obolibrary.org/obo/FMA_10000	keyword
http://purl.obolibrary.org/obo/SYMP_0000348	http://purl.obolibrary.org/obo/FMA_10000	keyword
http://purl.obolibrary.org/obo/SYMP_0000349	http://purl.obolibrary.org/obo/FMA_29305	keyword
http://purl.obolibrary.org/obo/SYMP_0000350	http://purl.obolibrary.org/obo/FMA_10000	keyword
http://purl.obolibrary.org/obo/SYMP_0000351	http://purl.obolibrary.org/obo/FMA_10000	keyword
http://purl.obolibrary.org/obo/SYMP_0000352	http://purl.obolibrary.org/obo/FMA_10000	keyword
http://purl.obolibrary.org/obo/SYMP_0000353	http://purl.obolibrary.org/obo/FMA_20671	keyword
http://purl.obolibrary.org/obo/SYMP_0000354	http://purl.obolibrary.org/obo/FMA_20671	keyword
http://purl.obolibrary.org/obo/SYMP_0000355	http://purl.obolibrary.org/obo/FMA_20671	keyword
http://purl.obolibrary.org/obo/SYMP_0000356	http://purl.obolibrary.org/obo/FMA_10000	keyword
http://purl.obolibrary.org/obo/SYMP_0000357	http://purl.obolibrary.org/obo/FMA_10000	keyword
http://purl.obolibrary.org/obo/SYMP_0000358	http://purl.obolibrary.org/obo/FMA_236307	keyword
http://purl.obolibrary.org/obo/SYMP_0000359	http://purl.obolibrary.org/obo/FMA_10000	keyword
http://purl.obolibrary.org/obo/SYMP_0000360	http://purl.obolibrary.org/obo/FMA_233156	keyword
http://purl.obolibrary.org/obo/SYMP_0000361	http://purl.obolibrary.org/obo/FMA_261477	keyword
http://purl.obolibrary.org/obo/SYMP_0000362	http://purl.obolibrary.org/obo/FMA_10000	keyword
http://purl.obolibrary.org/obo/SYMP_0000363	http://purl.obolibrary.org/obo/FMA_10000	keyword
http://purl.obolibrary.org/obo/SYMP_0000364	http://purl.obolibrary.org/obo/FMA_10000	keyword
http://purl.obolibrary.org/obo/SYMP_0000365	http://purl.obolibrary.org/obo/FMA_30470	keyword
http://purl.obolibrary.org/obo/SYMP_0000366	http://purl.obolibrary.org/obo/FMA_50409	keyword
http://purl.obolibrary.org/obo/SYMP_0000367	http://purl.obolibrary.org/obo/FMA_12661	keyword
http://purl.obolibrary.org/obo/SYMP_0000368	http://purl.obolibrary.org/obo/FMA_10000	keyword
http://purl.obolibrary.org/obo/SYMP_0000369	http://purl.obolibrary.org/obo/FMA_71482	keyword
http://purl.obolibrary.org/obo/SYMP_0000370	http://purl.obolibrary.org/obo/FMA_20672	keyword
http://purl.obolibrary.org/obo/SYMP_0000371	http://purl.obolibrary.org/obo/FMA_26170	keyword
http://purl.obolibrary.org/obo/SYMP_0000372	http://purl.obolibrary.org/obo/FMA_52822	keyword
http://purl.obolibrary.org/obo/SYMP_0000373	http://purl.obolibrary.org/obo/FMA_10000	keyword
http://purl.obolibrary.org/obo/SYMP_0000374	http://purl.obolibrary.org/obo/FMA_20672	keyword
http://purl.obolibrary.org/obo/SYMP_0000375	http://purl.obolibrary.org/obo/FMA_10000	keyword
http://purl.obolibrary.org/obo/SYMP_0000376	http://purl.obolibrary.org/obo/FMA_10000	keyword
http://purl.obolibrary.org/obo/SYMP_0000377	http://purl.obolibrary.org/obo/FMA_261359	keyword
http://purl.obolibrary.org/obo/SYMP_0000378	http://purl.obolibrary.org/obo/FMA_57832	keyword
http://purl.obolibrary.org/obo/SYMP_0000379	http://purl.obolibrary.org/obo/FMA_6953	keyword
http://purl.obolibrary.org/obo/SYMP_0000380	http://purl.obolibrary.org/obo/FMA_10000	keyword
http://purl.obolibrary.org/obo/SYMP_0000381	http://purl.obolibrary.org/obo/FMA_10000	keyword
http://purl.obolibrary.org/obo/SYMP_0000382	http://purl.obolibrary.org/obo/FMA_10000	keyword
http://purl.obolibrary.org/obo/SYMP_0000383	http://purl.obolibrary.org/obo/FMA_10000	keyword
http://purl.obolibrary.org/obo/SYMP_0000384	http://purl.obolibrary.org/obo/FMA_10000	keyword
http://purl.obolibrary.org/obo/SYMP_0000385	http://purl.obolibrary.org/obo/FMA_10000	keyword
http://purl.obolibrary.org/obo/SYMP_0000386	http://purl.obolibrary.org/obo/FMA_10000	keyword
http://purl.obolibrary.org/obo/SYMP_0000387	http://purl.obolibrary.org/obo/FMA_10000	keyword
http://purl.obolibrary.org/obo/SYMP_0000388	http://purl.obolibrary.org/obo/FMA_10000	keyword
http://purl.obolibrary.org/obo/SYMP_0000389	http://purl.obolibrary.org/obo/FMA_80921	keyword
http://purl.obolibrary.org/obo/SYMP_0000390	http://purl.obolibrary.org/obo/FMA_10000	keyword
http://purl.obolibrary.org/obo/SYMP_0000391	http://purl.obolibrary.org/obo/FMA_10000	keyword
http://purl.obolibrary.org/obo/SYMP_0000392	http://purl.obolibrary.org/obo/FMA_10000	keyword
http://purl.obolibrary.org/obo/SYMP_0000393	http://purl.obolibrary.org/obo/FMA_10000	keyword
http://purl.obolibrary.org/obo/SYMP_0000394	http://purl.obolibrary.org/obo/FMA_10000	keyword
http://purl.obolibrary.org/obo/SYMP_0000395	http://purl.obolibrary.org/obo/FMA_10000	keyword
http://purl.obolibrary.org/obo/SYMP_0000396	http://purl.obolibrary.org/obo/FMA_10000	keyword
http://purl.obolibrary.org/obo/SYMP_0000397	http://purl.obolibrary.org/obo/FMA_10000	keyword
http://purl.obolibrary.org/obo/SYMP_0000398	http://purl.obolibrary.org/obo/FMA_83427	keyword
http://purl.obolibrary.org/obo/SYMP_0000399	http://purl.obolibrary.org/obo/FMA_4045	keyword
http://purl.obolibrary.org/obo/SYMP_0000400	http://purl.obolibrary.org/obo/FMA_10000	keyword
http://purl.obolibrary.org/obo/SYMP_0000401	http://purl.obolibrary.org/obo/FMA_10000	keyword
http://purl.obolibrary.org/obo/SYMP_0000402	http://purl.obolibrary.org/obo/FMA_6860	keyword
http://purl.obolibrary.org/obo/SYMP_0000403	http://purl.obolibrary.org/obo/FMA_82077	keyword
http://purl.obolibrary.org/obo/SYMP_0000404	http://purl.obolibrary.org/obo/FMA_10000	keyword
http://purl.obolibrary.org/obo/SYMP_0000405	http://purl.obolibrary.org/obo/FMA_261701	keyword
http://purl.obolibrary.org/obo/SYMP_0000406	http://purl.obolibrary.org/obo/FMA_261383	keyword
http://purl.obolibrary.org/obo/SYMP_0000407	http://purl.obolibrary.org/obo/FMA_64673	keyword
http://purl.obolibrary.org/obo/SYMP_0000408	http://purl.obolibrary.org/obo/FMA_263192	keyword
http://purl.obolibrary.org/obo/SYMP_0000409	http://purl.obolibrary.org/obo/FMA_29306	keyword
http://purl.obolibrary.org/obo/SYMP_0000410	http://purl.obolibrary.org/obo/FMA_10000	keyword
http://purl.obolibrary.org/obo/SYMP_0000411	http://purl.obolibrary.org/obo/FMA_10000	keyword
http://purl.obolibrary.org/obo/SYMP_0000412	http://purl.obolibrary.org/obo/FMA_231963	keyword
http://purl.obolibrary.org/obo/SYMP_0000413	http://purl.obolibrary.org/obo/FMA_82094	keyword
http://purl.obolibrary.org/obo/SYMP_0000414	http://purl.obolibrary.org/obo/FMA_30489	keyword
http://purl.obolibrary.org/obo/SYMP_0000415	http://purl.obolibrary.org/obo/FMA_10000	keyword
http://purl.obolibrary.org/obo/SYMP_0000416	http://purl.obolibrary.org/obo/FMA_10000	keyword
http://purl.obolibrary.org/obo/SYMP_0000417	http://purl.obolibrary.org/obo/FMA_10000	keyword
http://purl.obolibrary.org/obo/SYMP_0000418	http://purl.obolibrary.org/obo/FMA_10000	keyword
http://purl.obolibrary.org/obo/SYMP_0000419	http://purl.obolibrary.org/obo/FMA_10000	keyword
http://purl.obolibrary.org/obo/SYMP_0000420	http://purl.obolibrary.org/obo/FMA_82890	keyword
http://purl.obolibrary.org/obo/SYMP_0000421	http://purl.obolibrary.org/obo/FMA_71461	keyword
http://purl.obolibrary.org/obo/SYMP_0000422	http://purl.obolibrary.org/obo/FMA_231967	keyword
http://purl.obolibrary.org/obo/SYMP_0000423	http://purl.obolibrary.org/obo/FMA_80856	keyword
http://purl.obolibrary.org/obo/SYMP_0000424	http://purl.obolibrary.org/obo/FMA_53407	keyword
http://purl.obolibrary.org/obo/SYMP_0000425	http://purl.obolibrary.org/obo/FMA_10000	keyword
http://purl.obolibrary.org/obo/SYMP_0000426	http://purl.obolibrary.org/obo/FMA_10000	keyword
http://purl.obolibrary.org/obo/SYMP_0000427	http://purl.obolibrary.org/obo/FMA_261491	keyword
http://purl.obolibrary.org/obo/SYMP_0000428	http://purl.obolibrary.org/obo/FMA_20672	keyword
http://purl.obolibrary.org/obo/SYMP_0000429	http://purl.obolibrary.org/obo/FMA_71692	keyword
http://purl.obolibrary.org/obo/SYMP_0000430	http://purl.obolibrary.org/obo/FMA_20672	keyword
http://purl.obolibrary.org/obo/SYMP_0000431	http://purl.obolibrary.org/obo/FMA_4051	keyword
http://purl.obolibrary.org/obo/SYMP_0000432	http://purl.obolibrary.org/obo/FMA_261383	keyword
http://purl.obolibrary.org/obo/SYMP_0000433	http://purl.obolibrary.org/obo/FMA_19931	keyword
http://purl.obolibrary.org/obo/SYMP_0000434	http://purl.obolibrary.org/obo/FMA_80008	keyword
http://purl.obolibrary.org/obo/SYMP_0000435	http://purl.obolibrary.org/obo/FMA_50555	keyword
http://purl.obolibrary.org/obo/SYMP_0000436	http://purl.obolibrary.org/obo/FMA_261491	keyword
http://purl.obolibrary.org/obo/SYMP_0000437	http://purl.obolibrary.org/obo/FMA_10000	keyword
http://purl.obolibrary.org/obo/SYMP_0000438	http://purl.obolibrary.org/obo/FMA_29084	keyword
http://purl.obolibrary.org/obo/SYMP_0000439	http://purl.obolibrary.org/obo/FMA_20671	keyword
http://purl.obolibrary.org/obo/SYMP_0000440	http://purl.obolibrary.org/obo/FMA_231965	keyword
http://purl.obolibrary.org/obo/SYMP_0000441	http://purl.obolibrary.org/obo/FMA_67623	keyword
http://purl.obolibrary.org/obo/SYMP_0000442	http://purl.obolibrary.org/obo/FMA_67623	keyword
http://purl.obolibrary.org/obo/SYMP_0000443	http://purl.obolibrary.org/obo/FMA_50146	keyword
http://purl.obolibrary.org/obo/SYMP_0000444	http://purl.obolibrary.org/obo/FMA_10000	keyword
http://purl.obolibrary.org/obo/SYMP_0000445	http://purl.obolibrary.org/obo/FMA_19047	keyword
http://purl.obolibrary.org/obo/SYMP_0000446	http://purl.obolibrary.org/obo/FMA_10000	keyword
http://purl.obolibrary.org/obo/SYMP_0000447	http://purl.obolibrary.org/obo/FMA_261479	keyword
http://purl.obolibrary.org/obo/SYMP_0000448	http://purl.obolibrary.org/obo/FMA_233136	keyword
http://purl.obolibrary.org/obo/SYMP_0000449	http://purl.obolibrary.org/obo/FMA_10000	keyword
http://purl.obolibrary.org/obo/SYMP_0000450	http://purl.obolibrary.org/obo/FMA_20672	keyword
http://purl.obolibrary.org/obo/SYMP_0000451	http://purl.obolibrary.org/obo/FMA_10000	keyword
http://purl.obolibrary.org/obo/SYMP_0000452	http://purl.obolibrary.org/obo/FMA_10000	keyword
http://purl.obolibrary.org/obo/SYMP_0000453	http://purl.obolibrary.org/obo/FMA_10000	keyword
http://purl.obolibrary.org/obo/SYMP_0000454	http://purl.obolibrary.org/obo/FMA_10000	keyword
http://purl.obolibrary.org/obo/SYMP_0000455	http://purl.obolibrary.org/obo/FMA_64678	keyword
http://purl.obolibrary.org/obo/SYMP_0000456	http://purl.obolibrary.org/obo/FMA_20671	keyword
http://purl.obolibrary.org/obo/SYMP_0000457	http://purl.obolibrary.org/obo/FMA_10844	keyword
http://purl.obolibrary.org/obo/SYMP_0000458	http://purl.obolibrary.org/obo/FMA_83403	keyword
http://purl.obolibrary.org/obo/SYMP_0000459	http://purl.obolibrary.org/obo/FMA_10000	keyword
http://purl.obolibrary.org/obo/SYMP_0000460	http://purl.obolibrary.org/obo/FMA_10000	keyword
http://purl.obolibrary.org/obo/SYMP_0000461	http://purl.obolibrary.org/obo/FMA_10000	keyword
http://purl.obolibrary.org/obo/SYMP_0000462	http://purl.obolibrary.org/obo/FMA_31391	keyword
http://purl.obolibrary.org/obo/SYMP_0000463	http://purl.obolibrary.org/obo/FMA_10000	keyword
http://purl.obolibrary.org/obo/SYMP_0000464	http://purl.obolibrary.org/obo/FMA_10000	keyword
http://purl.obolibrary.org/obo/SYMP_0000465	http://purl.obolibrary.org/obo/FMA_78350	keyword
http://purl.obolibrary.org/obo/SYMP_0000466	http://purl.obolibrary.org/obo/FMA_20671	keyword
http://purl.obolibrary.org/obo/SYMP_0000467	http://purl.obolibrary.org/obo/FMA_10000	keyword
http://purl.obolibrary.org/obo/SYMP_0000468	http://purl.obolibrary.org/obo/FMA_10000	keyword
http://purl.obolibrary.org/obo/SYMP_0000469	http://purl.obolibrary.org/obo/FMA_10000	keyword
http://purl.obolibrary.org/obo/SYMP_0000470	http://purl.obolibrary.org/obo/FMA_10000	keyword
http://purl.obolibrary.org/obo/SYMP_0000471	http://purl.obolibrary.org/obo/FMA_10000	keyword
http://purl.obolibrary.org/obo/SYMP_0000472	http://purl.obolibrary.org/obo/FMA_31075	keyword
http://purl.obolibrary.org/obo/SYMP_0000473	http://purl.obolibrary.org/obo/FMA_10000	keyword
http://purl.obolibrary.org/obo/SYMP_0000474	http://purl.obolibrary.org/obo/FMA_10000	keyword
http://purl.obolibrary.org/obo/SYMP_0000475	http://purl.obolibrary.org/obo/FMA_66062	keyword
http://purl.obolibrary.org/obo/SYMP_0000476	http://purl.obolibrary.org/obo/FMA_10000	keyword
http://purl.obolibrary.org/obo/SYMP_0000477	http://purl.obolibrary.org/obo/FMA_10000	keyword
http://purl.obolibrary.org/obo/SYMP_0000478	http://purl.obolibrary.org/obo/FMA_10000	keyword
http://purl.obolibrary.org/obo/SYMP_0000479	http://purl.obolibrary.org/obo/FMA_64697	keyword
http://purl.obolibrary.org/obo/SYMP_0000480	http://purl.obolibrary.org/obo/FMA_10000	keyword
http://purl.obolibrary.org/obo/SYMP_0000481	http://purl.obolibrary.org/obo/FMA_20671	keyword
http://purl.obolibrary.org/obo/SYMP_0000482	http://purl.obolibrary.org/obo/FMA_80853	keyword
http://purl.obolibrary.org/obo/SYMP_0000483	http://purl.obolibrary.org/obo/FMA_10000	keyword
http://purl.obolibrary.org/obo/SYMP_0000484	http://purl.obolibrary.org/obo/FMA_10000	keyword
http://purl.obolibrary.org/obo/SYMP_0000485	http://purl.obolibrary.org/obo/FMA_232534	keyword
http://purl.obolibrary.org/obo/SYMP_0000486	http://purl.obolibrary.org/obo/FMA_10000	keyword
http://purl.obolibrary.org/obo/SYMP_0000487	http://purl.obolibrary.org/obo/FMA_261553	keyword
http://purl.obolibrary.org/obo/SYMP_0000488	http://purl.obolibrary.org/obo/FMA_261481	keyword
http://purl.obolibrary.org/obo/SYMP_0000489	http://purl.obolibrary.org/obo/FMA_10000	keyword
http://purl.obolibrary.org/obo/SYMP_0000490	http://purl.obolibrary.org/obo/FMA_10000	keyword
http://purl.obolibrary.org/obo/SYMP_0000491	http://purl.obolibrary.org/obo/FMA_10000	keyword
http://purl.obolibrary.org/obo/SYMP_0000492	http://purl.obolibrary.org/obo/FMA_30469	keyword
http://purl.obolibrary.org/obo/SYMP_0000493	http://purl.obolibrary.org/obo/FMA_10000	keyword
http://purl.obolibrary.org/obo/SYMP_0000494	http://purl.obolibrary.org/obo/FMA_26789	keyword
http://purl.obolibrary.org/obo/SYMP_0000495	http://purl.obolibrary.org/obo/FMA_30463	keyword
http://purl.obolibrary.org/obo/SYMP_0000496	http://purl.obolibrary.org/obo/FMA_10000	keyword
http://purl.obolibrary.org/obo/SYMP_0000497	http://purl.obolibrary.org/obo/FMA_10000	keyword
http://purl.obolibrary.org/obo/SYMP_0000498	http://purl.obolibrary.org/obo/FMA_10000	keyword
http://purl.obolibrary.org/obo/SYMP_0000499	http://purl.obolibrary.org/obo/FMA_10000	keyword
http://purl.obolibrary.org/obo/SYMP_0000500	http://purl.obolibrary.org/obo/FMA_10000	keyword
http://purl.obolibrary.org/obo/SYMP_0000501	http://purl.obolibrary.org/obo/FMA_10000	keyword
http://purl.obolibrary.org/obo/SYMP_0000502	http://purl.obolibrary.org/obo/FMA_261481	keyword
http://purl.obolibrary.org/obo/SYMP_0000503	http://purl.obolibrary.org/obo/FMA_231639	keyword
http://purl.obolibrary.org/obo/SYMP_0000504	http://purl.obolibrary.org/obo/FMA_44030	keyword
http://purl.obolibrary.org/obo/SYMP_0000505	http://purl.obolibrary.org/obo/FMA_50122	keyword
http://purl.obolibrary.org/obo/SYMP_0000506	http://purl.obolibrary.org/obo/FMA_10000	keyword
http://purl.obolibrary.org/obo/SYMP_0000507	http://purl.obolibrary.org/obo/FMA_10000	keyword
http://purl.obolibrary.org/obo/SYMP_0000508	http://purl.obolibrary.org/obo/FMA_28700	keyword
http://purl.obolibrary.org/obo/SYMP_0000509	http://purl.obolibrary.org/obo/FMA_10000	keyword
http://purl.obolibrary.org/obo/SYMP_0000510	http://purl.obolibrary.org/obo/FMA_76973	keyword
http://purl.obolibrary.org/obo/SYMP_0000511	http://purl.obolibrary.org/obo/FMA_261491	keyword
http://purl.obolibrary.org/obo/SYMP_0000512	http://purl.obolibrary.org/obo/FMA_71462	keyword
http://purl.obolibrary.org/obo/SYMP_0000513	http://purl.obolibrary.org/obo/FMA_15346	keyword
http://purl.obolibrary.org/obo/SYMP_0000514	http://purl.obolibrary.org/obo/FMA_10000	keyword
http://purl.obolibrary.org/obo/SYMP_0000515	http://purl.obolibrary.org/obo/FMA_57062	keyword
http://purl.obolibrary.org/obo/SYMP_0000516	http://purl.obolibrary.org/obo/FMA_10000	keyword
http://purl.obolibrary.org/obo/SYMP_0000517	http://purl.obolibrary.org/obo/FMA_37907	keyword
http://purl.obolibrary.org/obo/SYMP_0000518	http://purl.obolibrary.org/obo/FMA_42231	keyword
http://purl.obolibrary.org/obo/SYMP_0000519	http://purl.obolibrary.org/obo/FMA_10000	keyword
http://purl.obolibrary.org/obo/SYMP_0000520	http://purl.obolibrary.org/obo/FMA_10000	keyword
http://purl.obolibrary.org/obo/SYMP_0000521	http://purl.obolibrary.org/obo/FMA_10000	keyword
http://purl.obolibrary.org/obo/SYMP_0000522	http://purl.obolibrary.org/obo/FMA_10000	keyword
http://purl.obolibrary.org/obo/SYMP_0000523	http://purl.obolibrary.org/obo/FMA_72136	keyword
http://purl.obolibrary.org/obo/SYMP_0000524	http://purl.obolibrary.org/obo/FMA_81273	keyword
http://purl.obolibrary.org/obo/SYMP_0000525	http://purl.obolibrary.org/obo/FMA_20672	keyword
http://purl.obolibrary.org/obo/SYMP_0000526	http://purl.obolibrary.org/obo/FMA_10927	keyword
http://purl.obolibrary.org/obo/SYMP_0000527	http://purl.obolibrary.org/obo/FMA_10000	keyword
http://purl.obolibrary.org/obo/SYMP_0000528	http://purl.obolibrary.org/obo/FMA_10000	keyword
http://purl.obolibrary.org/obo/SYMP_0000529	http://purl.obolibrary.org/obo/FMA_51493	keyword
http://purl.obolibrary.org/obo/SYMP_0000530	http://purl.obolibrary.org/obo/FMA_20671	keyword
http://purl.obolibrary.org/obo/SYMP_0000531	http://purl.obolibrary.org/obo/FMA_10000	keyword
http://purl.obolibrary.org/obo/SYMP_0000532	http://purl.obolibrary.org/obo/FMA_20671	keyword
http://purl.obolibrary.org/obo/SYMP_0000533	http://purl.obolibrary.org/obo/FMA_80170	keyword
http://purl.obolibrary.org/obo/SYMP_0000534	http://purl.obolibrary.org/obo/FMA_261407	keyword
http://purl.obolibrary.org/obo/SYMP_0000535	http://purl.obolibrary.org/obo/FMA_10000	keyword
http://purl.obolibrary.org/obo/SYMP_0000536	http://purl.obolibrary.org/obo/FMA_10000	keyword
http://purl.obolibrary.org/obo/SYMP_0000537	http://purl.obolibrary.org/obo/FMA_261481	keyword
http://purl.obolibrary.org/obo/SYMP_0000538	http://purl.obolibrary.org/obo/FMA_263760	keyword
http://purl.obolibrary.org/obo/SYMP_0000539	http://purl.obolibrary.org/obo/FMA_262936	keyword
http://purl.obolibrary.org/obo/SYMP_0000540	http://purl.obolibrary.org/obo/FMA_12732	keyword
http://purl.obolibrary.org/obo/SYMP_0000541	http://purl.obolibrary.org/obo/FMA_10000	keyword
http://purl.obolibrary.org/obo/SYMP_0000542	http://purl.obolibrary.org/obo/FMA_4347	keyword
http://purl.obolibrary.org/obo/SYMP_0000543	http://purl.obolibrary.org/obo/FMA_20672	keyword
http://purl.obolibrary.org/obo/SYMP_0000544	http://purl.obolibrary.org/obo/FMA_262938	keyword
http://purl.obolibrary.org/obo/SYMP_0000545	http://purl.obolibrary.org/obo/FMA_10000	keyword
http://purl.obolibrary.org/obo/SYMP_0000546	http://purl.obolibrary.org/obo/FMA_10000	keyword
http://purl.obolibrary.org/obo/SYMP_0000547	http://purl.obolibrary.org/obo/FMA_10000	keyword
http://purl.obolibrary.org/obo/SYMP_0000548	http://purl.obolibrary.org/obo/FMA_10000	keyword
http://purl.obolibrary.org/obo/SYMP_0000549	http://purl.obolibrary.org/obo/FMA_10000	keyword
http://purl.obolibrary.org/obo/SYMP_0000550	http://purl.obolibrary.org/obo/FMA_10000	keyword
http://purl.obolibrary.org/obo/SYMP_0000551	http://purl.obolibrary.org/obo/FMA_10000	keyword
http://purl.obolibrary.org/obo/SYMP_0000552	http://purl.obolibrary.org/obo/FMA_20663	keyword
http://purl.obolibrary.org/obo/SYMP_0000553	http://purl.obolibrary.org/obo/FMA_10000	keyword
http://purl.obolibrary.org/obo/SYMP_0000554	http://purl.obolibrary.org/obo/FMA_10000	keyword
http://purl.obolibrary.org/obo/SYMP_0000555	http://purl.obolibrary.org/obo/FMA_10000	keyword
http://purl.obolibrary.org/obo/SYMP_0000556	http://purl.obolibrary.org/obo/FMA_10000	keyword
http://purl.obolibrary.org/obo/SYMP_0000557	http://purl.obolibrary.org/obo/FMA_75994	keyword
http://purl.obolibrary.org/obo/SYMP_0000558	http://purl.obolibrary.org/obo/FMA_58589	keyword
http://purl.obolibrary.org/obo/SYMP_0000559	http://purl.obolibrary.org/obo/FMA_10000	keyword
http://purl.obolibrary.org/obo/SYMP_0000560	http://purl.obolibrary.org/obo/FMA_82878	keyword
http://purl.obolibrary.org/obo/SYMP_0000561	http://purl.obolibrary.org/obo/FMA_10000	keyword
http://purl.obolibrary.org/obo/SYMP_0000562	http://purl.obolibrary.org/obo/FMA_10000	keyword
http://purl.obolibrary.org/obo/SYMP_0000563	http://purl.obolibrary.org/obo/FMA_65794	keyword
http://purl.obolibrary.org/obo/SYMP_0000564	http://purl.obolibrary.org/obo/FMA_21910	keyword
http://purl.obolibrary.org/obo/SYMP_0000565	http://purl.obolibrary.org/obo/FMA_235909	keyword
http://purl.obolibrary.org/obo/SYMP_0000566	http://purl.obolibrary.org/obo/FMA_10000	keyword
http://purl.obolibrary.org/obo/SYMP_0000567	http://purl.obolibrary.org/obo/FMA_10000	keyword
http://purl.obolibrary.org/obo/SYMP_0000568	http://purl.obolibrary.org/obo/FMA_76232	keyword
http://purl.obolibrary.org/obo/SYMP_0000569	http://purl.obolibrary.org/obo/FMA_233146	keyword
http://purl.obolibrary.org/obo/SYMP_0000570	http://purl.obolibrary.org/obo/FMA_58935	keyword
http://purl.obolibrary.org/obo/SYMP_0000571	http://purl.obolibrary.org/obo/FMA_261495	keyword
http://purl.obolibrary.org/obo/SYMP_0000572	http://purl.obolibrary.org/obo/FMA_54446	keyword
http://purl.obolibrary.org/obo/SYMP_0000573	http://purl.obolibrary.org/obo/FMA_10000	keyword
http://purl.obolibrary.org/obo/SYMP_0000574	http://purl.obolibrary.org/obo/FMA_10000	keyword
http://purl.obolibrary.org/obo/SYMP_0000575	http://purl.obolibrary.org/obo/FMA_10000	keyword
http://purl.obolibrary.org/obo/SYMP_0000576	http://purl.obolibrary.org/obo/FMA_10000	keyword
http://purl.obolibrary.org/obo/SYMP_0000577	http://purl.obolibrary.org/obo/FMA_10000	keyword
http://purl.obolibrary.org/obo/SYMP_0000578	http://purl.obolibrary.org/obo/FMA_10000	keyword
http://purl.obolibrary.org/obo/SYMP_0000579	http://purl.obolibrary.org/obo/FMA_10000	keyword
http://purl.obolibrary.org/obo/SYMP_0000580	http://purl.obolibrary.org/obo/FMA_10000	keyword
http://purl.obolibrary.org/obo/SYMP_0000581	http://purl.obolibrary.org/obo/FMA_20671	keyword
http://purl.obolibrary.org/obo/SYMP_0000582	http://purl.obolibrary.org/obo/FMA_80170	keyword
http://purl.obolibrary.org/obo/SYMP_0000583	http://purl.obolibrary.org/obo/FMA_10000	keyword
http://purl.obolibrary.org/obo/SYMP_0000584	http://purl.obolibrary.org/obo/FMA_10000	keyword
http://purl.obolibrary.org/obo/SYMP_0000585	http://purl.obolibrary.org/obo/FMA_10000	keyword
http://purl.obolibrary.org/obo/SYMP_0000586	http://purl.obolibrary.org/obo/FMA_261553	keyword
http://purl.obolibrary.org/obo/SYMP_0000587	http://purl.obolibrary.org/obo/FMA_20671	keyword
http://purl.obolibrary.org/obo/SYMP_0000588	http://purl.obolibrary.org/obo/FMA_262936	keyword
http://purl.obolibrary.org/obo/SYMP_0000589	http://purl.obolibrary.org/obo/FMA_87245	keyword
http://purl.obolibrary.org/obo/SYMP_0000590	http://purl.obolibrary.org/obo/FMA_20671	keyword
http://purl.obolibrary.org/obo/SYMP_0000591	http://purl.obolibrary.org/obo/FMA_10000	keyword
http://purl.obolibrary.org/obo/SYMP_0000592	http://purl.obolibrary.org/obo/FMA_10000	keyword
http://purl.obolibrary.org/obo/SYMP_0000593	http://purl.obolibrary.org/obo/FMA_10000	keyword
http://purl.obolibrary.org/obo/SYMP_0000594	http://purl.obolibrary.org/obo/FMA_262789	keyword
http://purl.obolibrary.org/obo/SYMP_0000595	http://purl.obolibrary.org/obo/FMA_77918	keyword
http://purl.obolibrary.org/obo/SYMP_0000596	http://purl.obolibrary.org/obo/FMA_262938	keyword
http://purl.obolibrary.org/obo/SYMP_0000597	http://purl.obolibrary.org/obo/FMA_10000	keyword
http://purl.obolibrary.org/obo/SYMP_0000598	http://purl.obolibrary.org/obo/FMA_20671	keyword
http://purl.obolibrary.org/obo/SYMP_0000599	http://purl.obolibrary.org/obo/FMA_65794	keyword
http://purl.obolibrary.org/obo/SYMP_0000600	http://purl.obolibrary.org/obo/FMA_71480	keyword
http://purl.obolibrary.org/obo/SYMP_0000601	http://purl.obolibrary.org/obo/FMA_261475	keyword
http://purl.obolibrary.org/obo/SYMP_0000602	http://purl.obolibrary.org/obo/FMA_4405	keyword
http://purl.obolibrary.org/obo/SYMP_0000603	http://purl.obolibrary.org/obo/FMA_15329	keyword
http://purl.obolibrary.org/obo/SYMP_0000604	http://purl.obolibrary.org/obo/FMA_53521	keyword
http://purl.obolibrary.org/obo/SYMP_0000605	http://purl.obolibrary.org/obo/FMA_261381	keyword
http://purl.obolibrary.org/obo/SYMP_0000606	http://purl.obolibrary.org/obo/FMA_15536	keyword
http://purl.obolibrary.org/obo/SYMP_0000607	http://purl.obolibrary.org/obo/FMA_231639	keyword
http://purl.obolibrary.org/obo/SYMP_0000608	http://purl.obolibrary.org/obo/FMA_261485	keyword
http://purl.obolibrary.org/obo/SYMP_0000609	http://purl.obolibrary.org/obo/FMA_20671	keyword
http://purl.obolibrary.org/obo/SYMP_0000610	http://purl.obolibrary.org/obo/FMA_64706	keyword
http://purl.obolibrary.org/obo/SYMP_0000611	http://purl.obolibrary.org/obo/FMA_10000	keyword
http://purl.obolibrary.org/obo/SYMP_0000612	http://purl.obolibrary.org/obo/FMA_10000	keyword
http://purl.obolibrary.org/obo/SYMP_0000613	http://purl.obolibrary.org/obo/FMA_261555	keyword
http://purl.obolibrary.org/obo/SYMP_0000614	http://purl.obolibrary.org/obo/FMA_84534	keyword
http://purl.obolibrary.org/obo/SYMP_0000615	http://purl.obolibrary.org/obo/FMA_10000	keyword
http://purl.obolibrary.org/obo/SYMP_0000616	http://purl.obolibrary.org/obo/FMA_10000	keyword
http://purl.obolibrary.org/obo/SYMP_0000617	http://purl.obolibrary.org/obo/FMA_10000	keyword
http://purl.obolibrary.org/obo/SYMP_0000618	http://purl.obolibrary.org/obo/FMA_10000	keyword
http://purl.obolibrary.org/obo/SYMP_0000619	http://purl.obolibrary.org/obo/FMA_10000	keyword
http://purl.obolibrary.org/obo/SYMP_0000620	http://purl.obolibrary.org/obo/FMA_262791	keyword
http://purl.obolibrary.org/obo/SYMP_0000621	http://purl.obolibrary.org/obo/FMA_73289	keyword
http://purl.obolibrary.org/obo/SYMP_0000622	http://purl.obolibrary.org/obo/FMA_10000	keyword
http://purl.obolibrary.org/obo/SYMP_0000623	http://purl.obolibrary.org/obo/FMA_68577	keyword
http://purl.obolibrary.org/obo/SYMP_0000624	http://purl.obolibrary.org/obo/FMA_10000	keyword
http://purl.obolibrary.org/obo/SYMP_0000625	http://purl.obolibrary.org/obo/FMA_20671	keyword
http://purl.obolibrary.org/obo/SYMP_0000626	http://purl.obolibrary.org/obo/FMA_10000	keyword
http://purl.obolibrary.org/obo/SYMP_0000627	http://purl.obolibrary.org/obo/FMA_10000	keyword
http://purl.obolibrary.org/obo/SYMP_0000628	http://purl.obolibrary.org/obo/FMA_10000	keyword
http://purl.obolibrary.org/obo/SYMP_0000629	http://purl.obolibrary.org/obo/FMA_10846	keyword
http://purl.obolibrary.org/obo/SYMP_0000630	http://purl.obolibrary.org/obo/FMA_10000	keyword
http://purl.obolibrary.org/obo/SYMP_0000631	http://purl.obolibrary.org/obo/FMA_10000	keyword
http://purl.obolibrary.org/obo/SYMP_0000632	http://purl.obolibrary.org/obo/FMA_34937	keyword
http://purl.obolibrary.org/obo/SYMP_0000633	http://purl.obolibrary.org/obo/FMA_10000	keyword
http://purl.obolibrary.org/obo/SYMP_0000634	http://purl.obolibrary.org/obo/FMA_10000	keyword
http://purl.obolibrary.org/obo/SYMP_0000635	http://purl.obolibrary.org/obo/FMA_10000	keyword
http://purl.obolibrary.org/obo/SYMP_0000636	http://purl.obolibrary.org/obo/FMA_6694	keyword
http://purl.obolibrary.org/obo/SYMP_0000637	http://purl.obolibrary.org/obo/FMA_10000	keyword
http://purl.obolibrary.org/obo/SYMP_0000638	http://purl.obolibrary.org/obo/FMA_23170	keyword
http://purl.obolibrary.org/obo/SYMP_0000639	http://purl.obolibrary.org/obo/FMA_10000	keyword
http://purl.obolibrary.org/obo/SYMP_0000640	http://purl.obolibrary.org/obo/FMA_76235	keyword
http://purl.obolibrary.org/obo/SYMP_0000641	http://purl.obolibrary.org/obo/FMA_10000	keyword
http://purl.obolibrary.org/obo/SYMP_0000642	http://purl.obolibrary.org/obo/FMA_10000	keyword
http://purl.obolibrary.org/obo/SYMP_0000643	http://purl.obolibrary.org/obo/FMA_20671	keyword
http://purl.obolibrary.org/obo/SYMP_0000644	http://purl.obolibrary.org/obo/FMA_10000	keyword
http://purl.obolibrary.org/obo/SYMP_0000645	http://purl.obolibrary.org/obo/FMA_10000	keyword
http://purl.obolibrary.org/obo/SYMP_0000646	http://purl.obolibrary.org/obo/FMA_64686	keyword
http://purl.obolibrary.org/obo/SYMP_0000647	http://purl.obolibrary.org/obo/FMA_20672	keyword
http://purl.obolibrary.org/obo/SYMP_0000648	http://purl.obolibrary.org/obo/FMA_10000	keyword
http://purl.obolibrary.org/obo/SYMP_0000649	http://purl.obolibrary.org/obo/FMA_10000	keyword
http://purl.obolibrary.org/obo/SYMP_0000650	http://purl.obolibrary.org/obo/FMA_10000	keyword
http://purl.obolibrary.org/obo/SYMP_0000651	http://purl.obolibrary.org/obo/FMA_10000	keyword
http://purl.obolibrary.org/obo/SYMP_0000652	http://purl.obolibrary.org/obo/FMA_10000	keyword
http://purl.obolibrary.org/obo/SYMP_0000653	http://purl.obolibrary.org/obo/FMA_10000	keyword
http://purl.obolibrary.org/obo/SYMP_0000654	http://purl.obolibrary.org/obo/FMA_231963	keyword
http://purl.obolibrary.org/obo/SYMP_0000655	http://purl.obolibrary.org/obo/FMA_10000	keyword
http://purl.obolibrary.org/obo/SYMP_0000656	http://purl.obolibrary.org/obo/FMA_10000	keyword
http://purl.obolibrary.org/obo/SYMP_0000657	http://purl.obolibrary.org/obo/FMA_10000	keyword
http://purl.obolibrary.org/obo/SYMP_0000658	http://purl.obolibrary.org/obo/FMA_10000	keyword
http://purl.obolibrary.org/obo/SYMP_0000659	http://purl.obolibrary.org/obo/FMA_77899	keyword
http://purl.obolibrary.org/obo/SYMP_0000660	http://purl.obolibrary.org/obo/FMA_80009	keyword
http://purl.obolibrary.org/obo/SYMP_0000661	http://purl.obolibrary.org/obo/FMA_10000	keyword
http://purl.obolibrary.org/obo/SYMP_0000662	http://purl.obolibrary.org/obo/FMA_85175	keyword
http://purl.obolibrary.org/obo/SYMP_0000663	http://purl.obolibrary.org/obo/FMA_10000	keyword
http://purl.obolibrary.org/obo/SYMP_0000664	http://purl.obolibrary.org/obo/FMA_10000	keyword
http://purl.obolibrary.org/obo/SYMP_0000665	http://purl.obolibrary.org/obo/FMA_10000	keyword
http://purl.obolibrary.org/obo/SYMP_0000666	http://purl.obolibrary.org/obo/FMA_20671	keyword
http://purl.obolibrary.org/obo/SYMP_0000667	http://purl.obolibrary.org/obo/FMA_10000	keyword
http://purl.obolibrary.org/obo/SYMP_0000668	http://purl.obolibrary.org/obo/FMA_10000	keyword
http://purl.obolibrary.org/obo/SYMP_0000669	http://purl.obolibrary.org/obo/FMA_10000	keyword
http://purl.obolibrary.org/obo/SYMP_0000670	http://purl.obolibrary.org/obo/FMA_10000	keyword
http://purl.obolibrary.org/obo/SYMP_0000671	http://purl.obolibrary.org/obo/FMA_10000	keyword
http://purl.obolibrary.org/obo/SYMP_0000672	http://purl.obolibrary.org/obo/FMA_10000	keyword
http://purl.obolibrary.org/obo/SYMP_0000673	http://purl.obolibrary.org/obo/FMA_42240	keyword
http://purl.obolibrary.org/obo/SYMP_0000674	http://purl.obolibrary.org/obo/FMA_10000	keyword
http://purl.obolibrary.org/obo/SYMP_0000675	http://purl.obolibrary.org/obo/FMA_11097	keyword
http://purl.obolibrary.org/obo/SYMP_0000676	http://purl.obolibrary.org/obo/FMA_80169	keyword
http://purl.obolibrary.org/obo/SYMP_0000677	http://purl.obolibrary.org/obo/FMA_10000	keyword
http://purl.obolibrary.org/obo/SYMP_0000678	http://purl.obolibrary.org/obo/FMA_262940	keyword
http://purl.obolibrary.org/obo/SYMP_0000679	http://purl.obolibrary.org/obo/FMA_69604	keyword
http://purl.obolibrary.org/obo/SYMP_0000680	http://purl.obolibrary.org/obo/FMA_10290	keyword
http://purl.obolibrary.org/obo/SYMP_0000681	http://purl.obolibrary.org/obo/FMA_71520	keyword
http://purl.obolibrary.org/obo/SYMP_0000682	http://purl.obolibrary.org/obo/FMA_11273	keyword
http://purl.obolibrary.org/obo/SYMP_0000683	http://purl.obolibrary.org/obo/FMA_71480	keyword
http://purl.obolibrary.org/obo/SYMP_0000684	http://purl.obolibrary.org/obo/FMA_10000	keyword
http://purl.obolibrary.org/obo/SYMP_0000685	http://purl.obolibrary.org/obo/FMA_10000	keyword
http://purl.obolibrary.org/obo/SYMP_0000686	http://purl.obolibrary.org/obo/FMA_261383	keyword
http://purl.obolibrary.org/obo/SYMP_0000687	http://purl.obolibrary.org/obo/FMA_20671	keyword
http://purl.obolibrary.org/obo/SYMP_0000688	http://purl.obolibrary.org/obo/FMA_75878	keyword
http://purl.obolibrary.org/obo/SYMP_0000689	http://purl.obolibrary.org/obo/FMA_10000	keyword
http://purl.obolibrary.org/obo/SYMP_0000690	http://purl.obolibrary.org/obo/FMA_10000	keyword
http://purl.obolibrary.org/obo/SYMP_0000691	http://purl.obolibrary.org/obo/FMA_10000	keyword
http://purl.obolibrary.org/obo/SYMP_0000692	http://purl.obolibrary.org/obo/FMA_10000	keyword
http://purl.obolibrary.org/obo/SYMP_0000693	http://purl.obolibrary.org/obo/FMA_10000	keyword
http://purl.obolibrary.org/obo/SYMP_0000694	http://purl.obolibrary.org/obo/FMA_10000	keyword
http://purl.obolibrary.org/obo/SYMP_0000695	http://purl.obolibrary.org/obo/FMA_80856	keyword
http://purl.obolibrary.org/obo/SYMP_0000696	http://purl.obolibrary.org/obo/FMA_10000	keyword
http://purl.obolibrary.org/obo/SYMP_0000697	http://purl.obolibrary.org/obo/FMA_10000	keyword
http://purl.obolibrary.org/obo/SYMP_0000698	http://purl.obolibrary.org/obo/FMA_80673	keyword
http://purl.obolibrary.org/obo/SYMP_0000699	http://purl.obolibrary.org/obo/FMA_10000	keyword
http://purl.obolibrary.org/obo/SYMP_0000700	http://purl.obolibrary.org/obo/FMA_10000	keyword
http://purl.obolibrary.org/obo/SYMP_0000701	http://purl.obolibrary.org/obo/FMA_10000	keyword
http://purl.obolibrary.org/obo/SYMP_0000702	http://purl.obolibrary.org/obo/FMA_10000	keyword
http://purl.obolibrary.org/obo/SYMP_0000703	http://purl.obolibrary.org/obo/FMA_10000	keyword
http://purl.obolibrary.org/obo/SYMP_0000704	http://purl.obolibrary.org/obo/FMA_10000	keyword
http://purl.obolibrary.org/obo/SYMP_0000705	http://purl.obolibrary.org/obo/FMA_20671	keyword
http://purl.obolibrary.org/obo/SYMP_0000706	http://purl.obolibrary.org/obo/FMA_10000	keyword
http://purl.obolibrary.org/obo/SYMP_0000707	http://purl.obolibrary.org/obo/FMA_10000	keyword
http://purl.obolibrary.org/obo/SYMP_0000708	http://purl.obolibrary.org/obo/FMA_10000	keyword
http://purl.obolibrary.org/obo/SYMP_0000709	http://purl.obolibrary.org/obo/FMA_10000	keyword
http://purl.obolibrary.org/obo/SYMP_0000710	http://purl.obolibrary.org/obo/FMA_10000	keyword
http://purl.obolibrary.org/obo/SYMP_0000711	http://purl.obolibrary.org/obo/FMA_10000	keyword
http://purl.obolibrary.org/obo/SYMP_0000712	http://purl.obolibrary.org/obo/FMA_261381	keyword
http://purl.obolibrary.org/obo/SYMP_0000713	http://purl.obolibrary.org/obo/FMA_10000	keyword
http://purl.obolibrary.org/obo/SYMP_0000714	http://purl.obolibrary.org/obo/FMA_10000	keyword
http://purl.obolibrary.org/obo/SYMP_0000715	http://purl.obolibrary.org/obo/FMA_50144	keyword
http://purl.obolibrary.org/obo/SYMP_0000716	http://purl.obolibrary.org/obo/FMA_10000	keyword
http://purl.obolibrary.org/obo/SYMP_0000717	http://purl.obolibrary.org/obo/FMA_10000	keyword
http://purl.obolibrary.org/obo/SYMP_0000718	http://purl.obolibrary.org/obo/FMA_262789	keyword
http://purl.obolibrary.org/obo/SYMP_0000719	http://purl.obolibrary.org/obo/FMA_42212	keyword
http://purl.obolibrary.org/obo/SYMP_0000720	http://purl.obolibrary.org/obo/FMA_10000	keyword
http://purl.obolibrary.org/obo/SYMP_0000721	http://purl.obolibrary.org/obo/FMA_10000	keyword
http://purl.obolibrary.org/obo/SYMP_0000722	http://purl.obolibrary.org/obo/FMA_10000	keyword
http://purl.obolibrary.org/obo/SYMP_0000723	http://purl.obolibrary.org/obo/FMA_10000	keyword
http://purl.obolibrary.org/obo/SYMP_0000724	http://purl.obolibrary.org/obo/FMA_10000	keyword
http://purl.obolibrary.org/obo/SYMP_0000725	http://purl.obolibrary.org/obo/FMA_10000	keyword
http://purl.obolibrary.org/obo/SYMP_0000726	http://purl.obolibrary.org/obo/FMA_10000	keyword
http://purl.obolibrary.org/obo/SYMP_0000727	http://purl.obolibrary.org/obo/FMA_10000	keyword
http://purl.obolibrary.org/obo/SYMP_0000728	http://purl.obolibrary.org/obo/FMA_10000	keyword
http://purl.obolibrary.org/obo/SYMP_0000729	http://purl.obolibrary.org/obo/FMA_80607	keyword
http://purl.obolibrary.org/obo/SYMP_0000730	http://purl.obolibrary.org/obo/FMA_20671	keyword
http://purl.obolibrary.org/obo/SYMP_0000731	http://purl.obolibrary.org/obo/FMA_64744	keyword
http://purl.obolibrary.org/obo/SYMP_0000732	http://purl.obolibrary.org/obo/FMA_10000	keyword
http://purl.obolibrary.org/obo/SYMP_0000733	http://purl.obolibrary.org/obo/FMA_10000	keyword
http://purl.obolibrary.org/obo/SYMP_0000734	http://purl.obolibrary.org/obo/FMA_83403	keyword
http://purl.obolibrary.org/obo/SYMP_0000735	http://purl.obolibrary.org/obo/FMA_83595	keyword
http://purl.obolibrary.org/obo/SYMP_0000736	http://purl.obolibrary.org/obo/FMA_10000	keyword
http://purl.obolibrary.org/obo/SYMP_0000737	http://purl.obolibrary.org/obo/FMA_65794	keyword
http://purl.obolibrary.org/obo/SYMP_0000738	http://purl.obolibrary.org/obo/FMA_10000	keyword
http://purl.obolibrary.org/obo/SYMP_0000739	http://purl.obolibrary.org/obo/FMA_81199	keyword
http://purl.obolibrary.org/obo/SYMP_0000740	http://purl.obolibrary.org/obo/FMA_10000	keyword
http://purl.obolibrary.org/obo/SYMP_0000741	http://purl.obolibrary.org/obo/FMA_10000	keyword
http://purl.obolibrary.org/obo/SYMP_0000742	http://purl.obolibrary.org/obo/FMA_20672	keyword
http://purl.obolibrary.org/obo/SYMP_0000743	http://purl.obolibrary.org/obo/FMA_10000	keyword
http://purl.obolibrary.org/obo/SYMP_0000744	http://purl.obolibrary.org/obo/FMA_10000	keyword
http://purl.obolibrary.org/obo/SYMP_0000745	http://purl.obolibrary.org/obo/FMA_10000	keyword
http://purl.obolibrary.org/obo/SYMP_0000746	http://purl.obolibrary.org/obo/FMA_263516	keyword
http://purl.obolibrary.org/obo/SYMP_0000747	http://purl.obolibrary.org/obo/FMA_10000	keyword
http://purl.obolibrary.org/obo/SYMP_0000748	http://purl.obolibrary.org/obo/FMA_263764	keyword
http://purl.obolibrary.org/obo/SYMP_0000749	http://purl.obolibrary.org/obo/FMA_10000	keyword
http://purl.obolibrary.org/obo/SYMP_0000750	http://purl.obolibrary.org/obo/FMA_10000	keyword
http://purl.obolibrary.org/obo/SYMP_0000751	http://purl.obolibrary.org/obo/FMA_10000	keyword
http://purl.obolibrary.org/obo/SYMP_0000752	http://purl.obolibrary.org/obo/FMA_10000	keyword
http://purl.obolibrary.org/obo/SYMP_0000753	http://purl.obolibrary.org/obo/FMA_10000	keyword
http://purl.obolibrary.org/obo/SYMP_0000754	http://purl.obolibrary.org/obo/FMA_10000	keyword
http://purl.obolibrary.org/obo/SYMP_0000755	http://purl.obolibrary.org/obo/FMA_10000	keyword
http://purl.obolibrary.org/obo/SYMP_0000756	http://purl.obolibrary.org/obo/FMA_234109	keyword
http://purl.obolibrary.org/obo/SYMP_0000757	http://purl.obolibrary.org/obo/FMA_10000	keyword
http://purl.obolibrary.org/obo/SYMP_0000758	http://purl.obolibrary.org/obo/FMA_10000	keyword
http://purl.obolibrary.org/obo/SYMP_0000759	http://purl.obolibrary.org/obo/FMA_80856	keyword
http://purl.obolibrary.org/obo/SYMP_0000760	http://purl.obolibrary.org/obo/FMA_261481	keyword
http://purl.obolibrary.org/obo/SYMP_0000761	http://purl.obolibrary.org/obo/FMA_10000	keyword
http://purl.obolibrary.org/obo/SYMP_0000762	http://purl.obolibrary.org/obo/FMA_10000	keyword
http://purl.obolibrary.org/obo/SYMP_0000763	http://purl.obolibrary.org/obo/FMA_10000	keyword
http://purl.obolibrary.org/obo/SYMP_0000764	http://purl.obolibrary.org/obo/FMA_29106	keyword
http://purl.obolibrary.org/obo/SYMP_0000765	http://purl.obolibrary.org/obo/FMA_10000	keyword
http://purl.obolibrary.org/obo/SYMP_0000766	http://purl.obolibrary.org/obo/FMA_10000	keyword
http://purl.obolibrary.org/obo/SYMP_0000767	http://purl.obolibrary.org/obo/FMA_10000	keyword
http://purl.obolibrary.org/obo/SYMP_0000768	http://purl.obolibrary.org/obo/FMA_20672	keyword
http://purl.obolibrary.org/obo/SYMP_0000769	http://purl.obolibrary.org/obo/FMA_10000	keyword
http://purl.obolibrary.org/obo/SYMP_0000770	http://purl.obolibrary.org/obo/FMA_10000	keyword
http://purl.obolibrary.org/obo/SYMP_0000771	http://purl.obolibrary.org/obo/FMA_10000	keyword
http://purl.obolibrary.org/obo/SYMP_0000772	http://purl.obolibrary.org/obo/FMA_10000	keyword
http://purl.obolibrary.org/obo/SYMP_0000773	http://purl.obolibrary.org/obo/FMA_10000	keyword
http://purl.obolibrary.org/obo/SYMP_0000774	http://purl.obolibrary.org/obo/FMA_10000	keyword
http://purl.obolibrary.org/obo/SYMP_0000775	http://purl.obolibrary.org/obo/FMA_10000	keyword
http://purl.obolibrary.org/obo/SYMP_0000776	http://purl.obolibrary.org/obo/FMA_10000	keyword
http://purl.obolibrary.org/obo/SYMP_0000777	http://purl.obolibrary.org/obo/FMA_10000	keyword
http://purl.obolibrary.org/obo/SYMP_0000778	http://purl.obolibrary.org/obo/FMA_10000	keyword
http://purl.obolibrary.org/obo/SYMP_0000779	http://purl.obolibrary.org/obo/FMA_10000	keyword
http://purl.obolibrary.org/obo/SYMP_0000780	http://purl.obolibrary.org/obo/FMA_10000	keyword
http://purl.obolibrary.org/obo/SYMP_0000781	http://purl.obolibrary.org/obo/FMA_10000	keyword
http://purl.obolibrary.org/obo/SYMP_0000782	http://purl.obolibrary.org/obo/FMA_10000	keyword
http://purl.obolibrary.org/obo/SYMP_0000783	http://purl.obolibrary.org/obo/FMA_10000	keyword
http://purl.obolibrary.org/obo/SYMP_0000784	http://purl.obolibrary.org/obo/FMA_10000	keyword
http://purl.obolibrary.org/obo/SYMP_0000785	http://purl.obolibrary.org/obo/FMA_10000	keyword
http://purl.obolibrary.org/obo/SYMP_0000786	http://purl.obolibrary.org/obo/FMA_10000	keyword
http://purl.obolibrary.org/obo/SYMP_0000787	http://purl.obolibrary.org/obo/FMA_10000	keyword
http://purl.obolibrary.org/obo/SYMP_0000788	http://purl.obolibrary.org/obo/FMA_10000	keyword
http://purl.obolibrary.org/obo/SYMP_0000789	http://purl.obolibrary.org/obo/FMA_10000	keyword
http://purl.obolibrary.org/obo/SYMP_0000790	http://purl.obolibrary.org/obo/FMA_10000	keyword
http://purl.obolibrary.org/obo/SYMP_0000791	http://purl.obolibrary.org/obo/FMA_10000	keyword
http://purl.obolibrary.org/obo/SYMP_0000792	http://purl.obolibrary.org/obo/FMA_10000	keyword
http://purl.obolibrary.org/obo/SYMP_0000793	http://purl.obolibrary.org/obo/FMA_10000	keyword
http://purl.obolibrary.org/obo/SYMP_0000794	http://purl.obolibrary.org/obo/FMA_10000	keyword
http://purl.obolibrary.org/obo/SYMP_0000795	http://purl.obolibrary.org/obo/FMA_10000	keyword
http://purl.obolibrary.org/obo/SYMP_0000796	http://purl.obolibrary.org/obo/FMA_10000	keyword
http://purl.obolibrary.org/obo/SYMP_0000797	http://purl.obolibrary.org/obo/FMA_10000	keyword
http://purl.obolibrary.org/obo/SYMP_0000798	http://purl.obolibrary.org/obo/FMA_10000	keyword
http://purl.obolibrary.org/obo/SYMP_0000799	http://purl.obolibrary.org/obo/FMA_10000	keyword
http://purl.obolibrary.org/obo/SYMP_0000800	http://purl.obolibrary.org/obo/FMA_10000	keyword
http://purl.obolibrary.org/obo/SYMP_0000801	http://purl.obolibrary.org/obo/FMA_10000	keyword
http://purl.obolibrary.org/obo/SYMP_0000802	http://purl.obolibrary.org/obo/FMA_10000	keyword
http://purl.obolibrary.org/obo/SYMP_0000803	http://purl.obolibrary.org/obo/FMA_10000	keyword
http://purl.obolibrary.org/obo/SYMP_0000804	http://purl.obolibrary.org/obo/FMA_10000	keyword
http://purl.obolibrary.org/obo/SYMP_0000805	http://purl.obolibrary.org/obo/FMA_10000	keyword
http://purl.obolibrary.org/obo/SYMP_0000806	http://purl.obolibrary.org/obo/FMA_10000	keyword
http://purl.obolibrary.org/obo/SYMP_0000807	http://purl.obolibrary.org/obo/FMA_10000	keyword
http://purl.obolibrary.org/obo/SYMP_0000808	http://purl.obolibrary.org/obo/FMA_10000	keyword
http://purl.obolibrary.org/obo/SYMP_0000809	http://purl.obolibrary.org/obo/FMA_10000	keyword
http://purl.obolibrary.org/obo/SYMP_0000810	http://purl.obolibrary.org/obo/FMA_10000	keyword
http://purl.obolibrary.org/obo/SYMP_0000811	http://purl.obolibrary.org/obo/FMA_10000	keyword
http://purl.obolibrary.org/obo/SYMP_0000812	http://purl.obolibrary.org/obo/FMA_10000	keyword
http://purl.obolibrary.org/obo/SYMP_0000813	http://purl.obolibrary.org/obo/FMA_10000	keyword
http://purl.obolibrary.org/obo/SYMP_0000814	http://purl.obolibrary.org/obo/FMA_10000	keyword
http://purl.obolibrary.org/obo/SYMP_0000815	http://purl.obolibrary.org/obo/FMA_10000	keyword
http://purl.obolibrary.org/obo/SYMP_0000816	http://purl.obolibrary.org/obo/FMA_10000	keyword
http://purl.obolibrary.org/obo/SYMP_0000817	http://purl.obolibrary.org/obo/FMA_10000	keyword
http://purl.obolibrary.org/obo/SYMP_0000818	http://purl.obolibrary.org/obo/FMA_10000	keyword
http://purl.obolibrary.org/obo/SYMP_0000819	http://purl.obolibrary.org/obo/FMA_10000	keyword
http://purl.obolibrary.org/obo/SYMP_0000820	http://purl.obolibrary.org/obo/FMA_10000	keyword
http://purl.obolibrary.org/obo/SYMP_0000821	http://purl.obolibrary.org/obo/FMA_10000	keyword
http://purl.obolibrary.org/obo/SYMP_0000822	http://purl.obolibrary.org/obo/FMA_80169	keyword
http://purl.obolibrary.org/obo/SYMP_0000823	http://purl.obolibrary.org/obo/FMA_20671	keyword
http://purl.obolibrary.org/obo/SYMP_0000824	http://purl.obolibrary.org/obo/FMA_9491	keyword
http://purl.obolibrary.org/obo/SYMP_0000825	http://purl.obolibrary.org/obo/FMA_262791	keyword
http://purl.obolibrary.org/obo/SYMP_0000826	http://purl.obolibrary.org/obo/FMA_80920	keyword
http://purl.obolibrary.org/obo/SYMP_0000827	http://purl.obolibrary.org/obo/FMA_262942	keyword
http://purl.obolibrary.org/obo/SYMP_0000828	http://purl.obolibrary.org/obo/FMA_20671	keyword
http://purl.obolibrary.org/obo/SYMP_0000829	http://purl.obolibrary.org/obo/FMA_53408	keyword
http://purl.obolibrary.org/obo/SYMP_0000830	http://purl.obolibrary.org/obo/FMA_20671	keyword
http://purl.obolibrary.org/obo/SYMP_0000831	http://purl.obolibrary.org/obo/FMA_80920	keyword
http://purl.obolibrary.org/obo/SYMP_0000832	http://purl.obolibrary.org/obo/FMA_80169	keyword
http://purl.obolibrary.org/obo/SYMP_0000833	http://purl.obolibrary.org/obo/FMA_20671	keyword
http://purl.obolibrary.org/obo/SYMP_0000834	http://purl.obolibrary.org/obo/FMA_261479	keyword
http://purl.obolibrary.org/obo/SYMP_0000835	http://purl.obolibrary.org/obo/FMA_261409	keyword
http://purl.obolibrary.org/obo/SYMP_0000836	http://purl.obolibrary.org/obo/FMA_58598	keyword
http://purl.obolibrary.org/obo/SYMP_0000837	http://purl.obolibrary.org/obo/FMA_53406	keyword
http://purl.obolibrary.org/obo/SYMP_0000838	http://purl.obolibrary.org/obo/FMA_80008	keyword
http://purl.obolibrary.org/obo/SYMP_0000839	http://purl.obolibrary.org/obo/FMA_44007	keyword
http://purl.obolibrary.org/obo/SYMP_0000840	http://purl.obolibrary.org/obo/FMA_52816	keyword
http://purl.obolibrary.org/obo/SYMP_0000841	http://purl.obolibrary.org/obo/FMA_261481	keyword
http://purl.obolibrary.org/obo/SYMP_0000842	http://purl.obolibrary.org/obo/FMA_6860	keyword
http://purl.obolibrary.org/obo/SYMP_0000843	http://purl.obolibrary.org/obo/FMA_259679	keyword
http://purl.obolibrary.org/obo/SYMP_0000844	http://purl.obolibrary.org/obo/FMA_261407	keyword
http://purl.obolibrary.org/obo/SYMP_0000845	http://purl.obolibrary.org/obo/FMA_260106	keyword
http://purl.obolibrary.org/obo/SYMP_0000846	http://purl.obolibrary.org/obo/FMA_260106	keyword
http://purl.obolibrary.org/obo/SYMP_0000847	http://purl.obolibrary.org/obo/FMA_71480	keyword
http://purl.obolibrary.org/obo/SYMP_0000848	http://purl.obolibrary.org/obo/FMA_32311	keyword
http://purl.obolibrary.org/obo/SYMP_0000849	http://purl.obolibrary.org/obo/FMA_231641	keyword
http://purl.obolibrary.org/obo/SYMP_0000850	http://purl.obolibrary.org/obo/FMA_83433	keyword
http://purl.obolibrary.org/obo/SYMP_0000851	http://purl.obolibrary.org/obo/FMA_64608	keyword
http://purl.obolibrary.org/obo/SYMP_0000852	http://purl.obolibrary.org/obo/FMA_21911	keyword
http://purl.obolibrary.org/obo/SYMP_0000853	http://purl.obolibrary.org/obo/FMA_20672	keyword
http://purl.obolibrary.org/obo/SYMP_0000854	http://purl.obolibrary.org/obo/FMA_49867	keyword
http://purl.obolibrary.org/obo/SYMP_0000855	http://purl.obolibrary.org/obo/FMA_71480	keyword
http://purl.obolibrary.org/obo/SYMP_0000856	http://purl.obolibrary.org/obo/FMA_32376	keyword
http://purl.obolibrary.org/obo/SYMP_0000857	http://purl.obolibrary.org/obo/FMA_82862	keyword
http://purl.obolibrary.org/obo/SYMP_0000858	http://purl.obolibrary.org/obo/FMA_42235	keyword
http://purl.obolibrary.org/obo/SYMP_0000859	http://purl.obolibrary.org/obo/FMA_261709	keyword
http://purl.obolibrary.org/obo/SYMP_0000860	http://purl.obolibrary.org/obo/FMA_230871	keyword
http://purl.obolibrary.org/obo/SYMP_0000861	http://purl.obolibrary.org/obo/FMA_54430	keyword
http://purl.obolibrary.org/obo/SYMP_0000862	http://purl.obolibrary.org/obo/FMA_80873	keyword
http://purl.obolibrary.org/obo/SYMP_0000863	http://purl.obolibrary.org/obo/FMA_20672	keyword
http://purl.obolibrary.org/obo/SYMP_0000864	http://purl.obolibrary.org/obo/FMA_10000	keyword
http://purl.obolibrary.org/obo/SYMP_0000865	http://purl.obolibrary.org/obo/FMA_10000	keyword
http://purl.obolibrary.org/obo/SYMP_0000866	http://purl.obolibrary.org/obo/FMA_6860	keyword
http://purl.obolibrary.org/obo/SYMP_0000867	http://purl.obolibrary.org/obo/FMA_20672	keyword
http://purl.obolibrary.org/obo/SYMP_0000868	http://purl.obolibrary.org/obo/FMA_80169	keyword
http://purl.obolibrary.org/obo/SYMP_0000869	http://purl.obolibrary.org/obo/FMA_83427	keyword
http://purl.obolibrary.org/obo/SYMP_0000870	http://purl.obolibrary.org/obo/FMA_261409	keyword
http://purl.obolibrary.org/obo/SYMP_0000871	http://purl.obolibrary.org/obo/FMA_42232	keyword
http://purl.obolibrary.org/obo/SYMP_0000872	http://purl.obolibrary.org/obo/FMA_80838	keyword
http://purl.obolibrary.org/obo/SYMP_0000873	http://purl.obolibrary.org/obo/FMA_51498	keyword
http://purl.obolibrary.org/obo/SYMP_0000874	http://purl.obolibrary.org/obo/FMA_31384	keyword
http://purl.obolibrary.org/obo/SYMP_0000875	http://purl.obolibrary.org/obo/FMA_261475	keyword
http://purl.obolibrary.org/obo/SYMP_0000876	http://purl.obolibrary.org/obo/FMA_6950	keyword
http://purl.obolibrary.org/obo/SYMP_0000877	http://purl.obolibrary.org/obo/FMA_10000	keyword
http://purl.obolibrary.org/obo/SYMP_0000878	http://purl.obolibrary.org/obo/FMA_31374	keyword
http://purl.obolibrary.org/obo/SYMP_0000879	http://purl.obolibrary.org/obo/FMA_58591	keyword
http://purl.obolibrary.org/obo/SYMP_0000880	http://purl.obolibrary.org/obo/FMA_30434	keyword
http://purl.obolibrary.org/obo/SYMP_0000881	http://purl.obolibrary.org/obo/FMA_85112	keyword
http://purl.obolibrary.org/obo/SYMP_0000882	http://purl.obolibrary.org/obo/FMA_10546	keyword
http://purl.obolibrary.org/obo/SYMP_0000883	http://purl.obolibrary.org/obo/FMA_49866	keyword
http://purl.obolibrary.org/obo/SYMP_0000884	http://purl.obolibrary.org/obo/FMA_10000	keyword
http://purl.obolibrary.org/obo/SYMP_0000885	http://purl.obolibrary.org/obo/FMA_10000	keyword
http://purl.obolibrary.org/obo/SYMP_0000886	http://purl.obolibrary.org/obo/FMA_20671	keyword
http://purl.obolibrary.org/obo/SYMP_0000887	http://purl.obolibrary.org/obo/FMA_260807	keyword
http://purl.obolibrary.org/obo/SYMP_0000888	http://purl.obolibrary.org/obo/FMA_20663	keyword
http://purl.obolibrary.org/obo/SYMP_0000889	http://purl.obolibrary.org/obo/FMA_20671	keyword
http://purl.obolibrary.org/obo/SYMP_0000890	http://purl.obolibrary.org/obo/FMA_75872	keyword
http://purl.obolibrary.org/obo/SYMP_0000891	http://purl.obolibrary.org/obo/FMA_10000	keyword
http://purl.obolibrary.org/obo/SYMP_0000892	http://purl.obolibrary.org/obo/FMA_55444	keyword
http://purl.obolibrary.org/obo/SYMP_0000893	http://purl.obolibrary.org/obo/FMA_21193	keyword
http://purl.obolibrary.org/obo/SYMP_0000894	http://purl.obolibrary.org/obo/FMA_261701	keyword
http://purl.obolibrary.org/obo/SYMP_0000895	http://purl.obolibrary.org/obo/FMA_14507	keyword
http://purl.obolibrary.org/obo/SYMP_0000896	http://purl.obolibrary.org/obo/FMA_71696	keyword
http://purl.obolibrary.org/obo/SYMP_0000897	http://purl.obolibrary.org/obo/FMA_20662	keyword
http://purl.obolibrary.org/obo/SYMP_0000898	http://purl.obolibrary.org/obo/FMA_80911	keyword
http://purl.obolibrary.org/obo/SYMP_0000899	http://purl.obolibrary.org/obo/FMA_6714	keyword
http://purl.obolibrary.org/obo/SYMP_0000900	http://purl.obolibrary.org/obo/FMA_27263	keyword
http://purl.obolibrary.org/obo/SYMP_0017795	http://purl.obolibrary.org/obo/FMA_10000	keyword
http://purl.obolibrary.org/obo/SYMP_0019138	http://purl.obolibrary.org/obo/FMA_10000	keyword
http://purl.obolibrary.org/obo/SYMP_0019139	http://purl.obolibrary.org/obo/FMA_10000	keyword
http://purl.obolibrary.org/obo/SYMP_0019140	http://purl.obolibrary.org/obo/FMA_10000	keyword
http://purl.obolibrary.org/obo/SYMP_0019141	http://purl.obolibrary.org/obo/FMA_10000	keyword
http://purl.obolibrary.org/obo/SYMP_0019142	http://purl.obolibrary.org/obo/FMA_10000	keyword
http://purl.obolibrary.org/obo/SYMP_0019143	http://purl.obolibrary.org/obo/FMA_10000	keyword
http://purl.obolibrary.org/obo/SYMP_0019144	http://purl.obolibrary.org/obo/FMA_10000	keyword
http://purl.obolibrary.org/obo/SYMP_0019145	http://purl.obolibrary.org/obo/FMA_52636	keyword
http://purl.obolibrary.org/obo/SYMP_0019146	http://purl.obolibrary.org/obo/FMA_10000	keyword
http://purl.obolibrary.org/obo/SYMP_0019147	http://purl.obolibrary.org/obo/FMA_53512	keyword
http://purl.obolibrary.org/obo/SYMP_0019148	http://purl.obolibrary.org/obo/FMA_10000	keyword
http://purl.obolibrary.org/obo/SYMP_0019149	http://purl.obolibrary.org/obo/FMA_10000	keyword
http://purl.obolibrary.org/obo/SYMP_0019150	http://purl.obolibrary.org/obo/FMA_10000	keyword
http://purl.obolibrary.org/obo/SYMP_0019151	http://purl.obolibrary.org/obo/FMA_75993	keyword
http://purl.obolibrary.org/obo/SYMP_0019152	http://purl.obolibrary.org/obo/FMA_44730	keyword
http://purl.obolibrary.org/obo/SYMP_0019153	http://purl.obolibrary.org/obo/FMA_69591	keyword
http://purl.obolibrary.org/obo/SYMP_0019154	http://purl.obolibrary.org/obo/FMA_231965	keyword
http://purl.obolibrary.org/obo/SYMP_0019155	http://purl.obolibrary.org/obo/FMA_10000	keyword
http://purl.obolibrary.org/obo/SYMP_0019156	http://purl.obolibrary.org/obo/FMA_10000	keyword
http://purl.obolibrary.org/obo/SYMP_0019158	http://purl.obolibrary.org/obo/FMA_32381	keyword
http://purl.obolibrary.org/obo/SYMP_0019159	http://purl.obolibrary.org/obo/FMA_10000	keyword
http://purl.obolibrary.org/obo/SYMP_0019160	http://purl.obolibrary.org/obo/FMA_261491	keyword
http://purl.obolibrary.org/obo/SYMP_0019161	http://purl.obolibrary.org/obo/FMA_6857	keyword
http://purl.obolibrary.org/obo/SYMP_0019162	http://purl.obolibrary.org/obo/FMA_10000	keyword
http://purl.obolibrary.org/obo/SYMP_0019163	http://purl.obolibrary.org/obo/FMA_10000	keyword
http://purl.obolibrary.org/obo/SYMP_0019164	http://purl.obolibrary.org/obo/FMA_10000	keyword
http://purl.obolibrary.org/obo/SYMP_0019165	http://purl.obolibrary.org/obo/FMA_10000	keyword
http://purl.obolibrary.org/obo/SYMP_0019166	http://purl.obolibrary.org/obo/FMA_10000	keyword
http://purl.obolibrary.org/obo/SYMP_0019167	http://purl.obolibrary.org/obo/FMA_261493	keyword
http://purl.obolibrary.org/obo/SYMP_0019168	http://purl.obolibrary.org/obo/FMA_261477	keyword
http://purl.obolibrary.org/obo/SYMP_0019169	http://purl.obolibrary.org/obo/FMA_258071	keyword
http://purl.obolibrary.org/obo/SYMP_0019170	http://purl.obolibrary.org/obo/FMA_10000	keyword
http://purl.obolibrary.org/obo/SYMP_0019171	http://purl.obolibrary.org/obo/FMA_26191	keyword
http://purl.obolibrary.org/obo/SYMP_0019172	http://purl.obolibrary.org/obo/FMA_10000	keyword
http://purl.obolibrary.org/obo/SYMP_0019173	http://purl.obolibrary.org/obo/FMA_83427	keyword
http://purl.obolibrary.org/obo/SYMP_0019174	http://purl.obolibrary.org/obo/FMA_10000	keyword
http://purl.obolibrary.org/obo/SYMP_0019175	http://purl.obolibrary.org/obo/FMA_263762	keyword
http://purl.obolibrary.org/obo/SYMP_0019176	http://purl.obolibrary.org/obo/FMA_20672	keyword
http://purl.obolibrary.org/obo/SYMP_0019177	http://purl.obolibrary.org/obo/FMA_71480	keyword
http://purl.obolibrary.org/obo/SYMP_0019178	http://purl.obolibrary.org/obo/FMA_261477	keyword
http://purl.obolibrary.org/obo/SYMP_0019179	http://purl.obolibrary.org/obo/FMA_83427	keyword
http://purl.obolibrary.org/obo/SYMP_0019180	http://purl.obolibrary.org/obo/FMA_42212	keyword
http://purl.obolibrary.org/obo/SYMP_0019181	http://purl.obolibrary.org/obo/FMA_10000	keyword
http://purl.obolibrary.org/obo/SYMP_0019182	http://purl.obolibrary.org/obo/FMA_231965	keyword
http://purl.obolibrary.org/obo/SYMP_0019183	http://purl.obolibrary.org/obo/FMA_231965	keyword
http://purl.obolibrary.org/obo/SYMP_0019184	http://purl.obolibrary.org/obo/FMA_55444	keyword
http://purl.obolibrary.org/obo/SYMP_0019185	http://purl.obolibrary.org/obo/FMA_231965	keyword
http://purl.obolibrary.org/obo/SYMP_0019186	http://purl.obolibrary.org/obo/FMA_14509	keyword
http://purl.obolibrary.org/obo/SYMP_0019187	http://purl.obolibrary.org/obo/FMA_232526	keyword
http://purl.obolibrary.org/obo/SYMP_0019188	http://purl.obolibrary.org/obo/FMA_79594	keyword
http://purl.obolibrary.org/obo/SYMP_0019189	http://purl.obolibrary.org/obo/FMA_10080	keyword
http://purl.obolibrary.org/obo/SYMP_0019190	http://purl.obolibrary.org/obo/FMA_83433	keyword
http://purl.obolibrary.org/obo/SYMP_0020000	http://purl.obolibrary.org/obo/FMA_82090	keyword
http://purl.obolibrary.org/obo/SYMP_0020001	http://purl.obolibrary.org/obo/FMA_20672	keyword
http://purl.obolibrary.org/obo/SYMP_0020002	http://purl.obolibrary.org/obo/FMA_10000	keyword
http://purl.obolibrary.org/obo/SYMP_0020003	http://purl.obolibrary.org/obo/FMA_10000	keyword
http://purl.obolibrary.org/obo/SYMP_0020004	http://purl.obolibrary.org/obo/FMA_69665	keyword
http://purl.obolibrary.org/obo/SYMP_0020005	http://purl.obolibrary.org/obo/FMA_10000	keyword
http://purl.obolibrary.org/obo/SYMP_0020006	http://purl.obolibrary.org/obo/FMA_241532	keyword
http://purl.obolibrary.org/obo/SYMP_0020007	http://purl.obolibrary.org/obo/FMA_10000	keyword
http://purl.obolibrary.org/obo/SYMP_0020008	http://purl.obolibrary.org/obo/FMA_49860	keyword
http://purl.obolibrary.org/obo/SYMP_0020009	http://purl.obolibrary.org/obo/FMA_10000	keyword
http://purl.obolibrary.org/obo/SYMP_0020010	http://purl.obolibrary.org/obo/FMA_10000	keyword
http://purl.obolibrary.org/obo/SYMP_0020011	http://purl.obolibrary.org/obo/FMA_10000	keyword
http://purl.obolibrary.org/obo/SYMP_0020012	http://purl.obolibrary.org/obo/FMA_10000	keyword
http://purl.obolibrary.org/obo/SYMP_0020013	http://purl.obolibrary.org/obo/FMA_58595	keyword
http://purl.obolibrary.org/obo/SYMP_0020014	http://purl.obolibrary.org/obo/FMA_58595	keyword
http://purl.obolibrary.org/obo/SYMP_0020015	http://purl.obolibrary.org/obo/FMA_10000	keyword
http://purl.obolibrary.org/obo/SYMP_0020016	http://purl.obolibrary.org/obo/FMA_10315	keyword
http://purl.obolibrary.org/obo/SYMP_0020017	http://purl.obolibrary.org/obo/FMA_81272	keyword
http://purl.obolibrary.org/obo/SYMP_0020018	http://purl.obolibrary.org/obo/FMA_231965	keyword
http://purl.obolibrary.org/obo/SYMP_0020019	http://purl.obolibrary.org/obo/FMA_83403	keyword
http://purl.obolibrary.org/obo/SYMP_0020020	http://purl.obolibrary.org/obo/FMA_10000	keyword
http://purl.obolibrary.org/obo/SYMP_0020021	http://purl.obolibrary.org/obo/FMA_10000	keyword
http://purl.obolibrary.org/obo/SYMP_0020022	http://purl.obolibrary.org/obo/FMA_22495	keyword
http://purl.obolibrary.org/obo/SYMP_0020023	http://purl.obolibrary.org/obo/FMA_10000	keyword
http://purl.obolibrary.org/obo/SYMP_0020024	http://purl.obolibrary.org/obo/FMA_42235	keyword
http://purl.obolibrary.org/obo/SYMP_0020025	http://purl.obolibrary.org/obo/FMA_71455	keyword
http://purl.obolibrary.org/obo/SYMP_0020026	http://purl.obolibrary.org/obo/FMA_10000	keyword
http://purl.obolibrary.org/obo/SYMP_0020027	http://purl.obolibrary.org/obo/FMA_6683	keyword
http://purl.obolibrary.org/obo/SYMP_0020028	http://purl.obolibrary.org/obo/FMA_10000	keyword
http://purl.obolibrary.org/obo/SYMP_0020029	http://purl.obolibrary.org/obo/FMA_20671	keyword
http://purl.obolibrary.org/obo/SYMP_0020030	http://purl.obolibrary.org/obo/FMA_231965	keyword
http://purl.obolibrary.org/obo/SYMP_0020031	http://purl.obolibrary.org/obo/FMA_231965	keyword
http://purl.obolibrary.org/obo/SYMP_0020032	http://purl.obolibrary.org/obo/FMA_262938	keyword
http://purl.obolibrary.org/obo/SYMP_0020033	http://purl.obolibrary.org/obo/FMA_82089	keyword
http://purl.obolibrary.org/obo/SYMP_0020034	http://purl.obolibrary.org/obo/FMA_10000	keyword
http://purl.obolibrary.org/obo/SYMP_0020035	http://purl.obolibrary.org/obo/FMA_53320	keyword
http://purl.obolibrary.org/obo/SYMP_0020036	http://purl.obolibrary.org/obo/FMA_10000	keyword
http://purl.obolibrary.org/obo/SYMP_0020037	http://purl.obolibrary.org/obo/FMA_263764	keyword
http://purl.obolibrary.org/obo/SYMP_0020038	http://purl.obolibrary.org/obo/FMA_10000	keyword
http://purl.obolibrary.org/obo/SYMP_0020039	http://purl.obolibrary.org/obo/FMA_231965	keyword
http://purl.obolibrary.org/obo/SYMP_0020040	http://purl.obolibrary.org/obo/FMA_10000	keyword
http://purl.obolibrary.org/obo/SYMP_0020041	http://purl.obolibrary.org/obo/FMA_31375	keyword
http://purl.obolibrary.org/obo/SYMP_0020042	http://purl.obolibrary.org/obo/FMA_231639	keyword
http://purl.obolibrary.org/obo/SYMP_0020043	http://purl.obolibrary.org/obo/FMA_78350	keyword
http://purl.obolibrary.org/obo/SYMP_0020044	http://purl.obolibrary.org/obo/FMA_83427	keyword
http://purl.obolibrary.org/obo/SYMP_0020045	http://purl.obolibrary.org/obo/FMA_20671	keyword
http://purl.obolibrary.org/obo/SYMP_0020046	http://purl.obolibrary.org/obo/FMA_20671	keyword
http://purl.obolibrary.org/obo/SYMP_0020047	http://purl.obolibrary.org/obo/FMA_20671	keyword
http://purl.obolibrary.org/obo/SYMP_0020048	http://purl.obolibrary.org/obo/FMA_10000	keyword
http://purl.obolibrary.org/obo/SYMP_0020049	http://purl.obolibrary.org/obo/FMA_80857	keyword
http://purl.obolibrary.org/obo/SYMP_0020050	http://purl.obolibrary.org/obo/FMA_53315	keyword
http://purl.obolibrary.org/obo/SYMP_0020051	http://purl.obolibrary.org/obo/FMA_80856	keyword
http://purl.obolibrary.org/obo/SYMP_0020052	http://purl.obolibrary.org/obo/FMA_80920	keyword
http://purl.obolibrary.org/obo/SYMP_0020053	http://purl.obolibrary.org/obo/FMA_261553	keyword
http://purl.obolibrary.org/obo/SYMP_0020054	http://purl.obolibrary.org/obo/FMA_64702	keyword
http://purl.obolibrary.org/obo/SYMP_0020055	http://purl.obolibrary.org/obo/FMA_10000	keyword
http://purl.obolibrary.org/obo/SYMP_0020056	http://purl.obolibrary.org/obo/FMA_261407	keyword
http://purl.obolibrary.org/obo/SYMP_0020057	http://purl.obolibrary.org/obo/FMA_71541	keyword
http://purl.obolibrary.org/obo/SYMP_0020058	http://purl.obolibrary.org/obo/FMA_10000	keyword
http://purl.obolibrary.org/obo/SYMP_0020059	http://purl.obolibrary.org/obo/FMA_10000	keyword
http://purl.obolibrary.org/obo/SYMP_0020060	http://purl.obolibrary.org/obo/FMA_10000	keyword
http://purl.obolibrary.org/obo/SYMP_0020061	http://purl.obolibrary.org/obo/FMA_42235	keyword
http://purl.obolibrary.org/obo/SYMP_0020062	http://purl.obolibrary.org/obo/FMA_261489	keyword
http://purl.obolibrary.org/obo/SYMP_0020063	http://purl.obolibrary.org/obo/FMA_10000	keyword
http://purl.obolibrary.org/obo/SYMP_0020064	http://purl.obolibrary.org/obo/FMA_10000	keyword
